stage_id,stage_index,stage_name,node_id,node_type,node_tier,encounter_id,enemy_level,reward_tier,wave_id,wave_index,spawn_unit_id,spawn_count,spawn_time,lane,unit_level,hp_multiplier,damage_multiplier,armor_bonus,move_speed_multiplier,attack_speed_multiplier,is_boss_spawn,notes
stage_3,2,Jade Homeland,1C_1,battle,1,battle_jade_t1,41,1,1C_1_wave_1,1,jade_azure_spear,3,0,north,,,,,,,,
stage_3,2,Jade Homeland,1C_1,battle,1,battle_jade_t1,41,1,1C_1_wave_1,1,jade_crossbow_gunners,2,5,center,,,,,,,,
stage_3,2,Jade Homeland,1C_1,battle,1,battle_jade_t1,41,1,1C_1_wave_2,2,jade_azure_spear,4,0,north,,,,,,,,
stage_3,2,Jade Homeland,1C_1,battle,1,battle_jade_t1,41,1,1C_1_wave_2,2,jade_shuriken_ninjas,3,5,center,,,,,,,,
stage_3,2,Jade Homeland,1C_1,battle,1,battle_jade_t1,41,1,1C_1_wave_3,3,jade_azure_spear,4,0,north,,,,,,,,
stage_3,2,Jade Homeland,1C_1,battle,1,battle_jade_t1,41,1,1C_1_wave_3,3,jade_crossbow_gunners,3,0,center,,,,,,,,
stage_3,2,Jade Homeland,1C_1,battle,1,battle_jade_t1,41,1,1C_1_wave_3,3,jade_shuriken_ninjas,3,6,south,,,,,,,,
stage_3,2,Jade Homeland,2B_1,battle,1,battle_jade_t2,43,2,2B_1_wave_1,1,jade_storm_monks,3,0,north,,,,,,,,
stage_3,2,Jade Homeland,2B_1,battle,1,battle_jade_t2,43,2,2B_1_wave_1,1,jade_crossbow_gunners,3,0,center,,,,,,,,
stage_3,2,Jade Homeland,2B_1,battle,1,battle_jade_t2,43,2,2B_1_wave_1,1,jade_shuriken_ninjas,3,4,south,,,,,,,,
stage_3,2,Jade Homeland,2B_1,battle,1,battle_jade_t2,43,2,2B_1_wave_2,2,jade_paper_doll,3,0,north,,,,,,,,
stage_3,2,Jade Homeland,2B_1,battle,1,battle_jade_t2,43,2,2B_1_wave_2,2,jade_azure_spear,4,4,center,,,,,,,,
stage_3,2,Jade Homeland,2B_1,battle,1,battle_jade_t2,43,2,2B_1_wave_2,2,jade_spirit_lantern,1,8,center,,,,,,,,
stage_3,2,Jade Homeland,2B_1,battle,1,battle_jade_t2,43,2,2B_1_wave_3,3,jade_halberd_guardian,2,0,north,,,,,,,,
stage_3,2,Jade Homeland,2B_1,battle,1,battle_jade_t2,43,2,2B_1_wave_3,3,jade_storm_monks,3,0,center,,,,,,,,
stage_3,2,Jade Homeland,2B_1,battle,1,battle_jade_t2,43,2,2B_1_wave_3,3,jade_crossbow_gunners,4,6,south,,,,,,,,
stage_3,2,Jade Homeland,3C_1,elite,1,elite_jade_t2,47,2,3C_1_wave_1,1,jade_halberd_guardian,2,0,north,,,,,,,,
stage_3,2,Jade Homeland,3C_1,elite,1,elite_jade_t2,47,2,3C_1_wave_1,1,jade_storm_monks,3,0,center,,,,,,,,
stage_3,2,Jade Homeland,3C_1,elite,1,elite_jade_t2,47,2,3C_1_wave_1,1,jade_crossbow_gunners,3,4,south,,,,,,,,
stage_3,2,Jade Homeland,3C_1,elite,1,elite_jade_t2,47,2,3C_1_wave_2,2,jade_chi_dragoon,2,0,north,,,,,,,,
stage_3,2,Jade Homeland,3C_1,elite,1,elite_jade_t2,47,2,3C_1_wave_2,2,jade_paper_doll,3,0,center,,,,,,,,
stage_3,2,Jade Homeland,3C_1,elite,1,elite_jade_t2,47,2,3C_1_wave_2,2,jade_shuriken_ninjas,4,6,south,,,,,,,,
stage_3,2,Jade Homeland,3C_1,elite,1,elite_jade_t2,47,2,3C_1_wave_3,3,jade_blue_oni,2,0,north,,,,,,,,
stage_3,2,Jade Homeland,3C_1,elite,1,elite_jade_t2,47,2,3C_1_wave_3,3,jade_storm_monks,3,3,center,,,,,,,,
stage_3,2,Jade Homeland,3C_1,elite,1,elite_jade_t2,47,2,3C_1_wave_3,3,jade_spirit_lantern,1,10,center,,,,,,,,
stage_3,2,Jade Homeland,3C_1,elite,1,elite_jade_t2,47,2,3C_1_wave_4,4,jade_halberd_guardian,2,0,north,,,,,,,,
stage_3,2,Jade Homeland,3C_1,elite,1,elite_jade_t2,47,2,3C_1_wave_4,4,jade_shadowblade_assassins,3,4,center,,,,,,,,
stage_3,2,Jade Homeland,3C_1,elite,1,elite_jade_t2,47,2,3C_1_wave_4,4,jade_crossbow_gunners,4,8,south,,,,,,,,
stage_3,2,Jade Homeland,3C_1,elite,1,elite_jade_t2,47,2,3C_1_wave_5,5,jade_halberd_guardian,2,0,north,,,,,,,,
stage_3,2,Jade Homeland,3C_1,elite,1,elite_jade_t2,47,2,3C_1_wave_5,5,jade_chi_dragoon,2,0,center,,,,,,,,
stage_3,2,Jade Homeland,3C_1,elite,1,elite_jade_t2,47,2,3C_1_wave_5,5,jade_blue_oni,2,4,south,,,,,,,,
stage_3,2,Jade Homeland,3C_1,elite,1,elite_jade_t2,47,2,3C_1_wave_5,5,jade_shikigami_fox,3,8,north,,,,,,,,
stage_3,2,Jade Homeland,4E_1,battle,2,battle_jade_t2,47,3,4E_1_wave_1,1,jade_storm_monks,3,0,north,,,,,,,,
stage_3,2,Jade Homeland,4E_1,battle,2,battle_jade_t2,47,3,4E_1_wave_1,1,jade_crossbow_gunners,3,0,center,,,,,,,,
stage_3,2,Jade Homeland,4E_1,battle,2,battle_jade_t2,47,3,4E_1_wave_1,1,jade_shuriken_ninjas,3,4,south,,,,,,,,
stage_3,2,Jade Homeland,4E_1,battle,2,battle_jade_t2,47,3,4E_1_wave_2,2,jade_paper_doll,3,0,north,,,,,,,,
stage_3,2,Jade Homeland,4E_1,battle,2,battle_jade_t2,47,3,4E_1_wave_2,2,jade_azure_spear,4,4,center,,,,,,,,
stage_3,2,Jade Homeland,4E_1,battle,2,battle_jade_t2,47,3,4E_1_wave_2,2,jade_spirit_lantern,1,8,center,,,,,,,,
stage_3,2,Jade Homeland,4E_1,battle,2,battle_jade_t2,47,3,4E_1_wave_3,3,jade_halberd_guardian,2,0,north,,,,,,,,
stage_3,2,Jade Homeland,4E_1,battle,2,battle_jade_t2,47,3,4E_1_wave_3,3,jade_storm_monks,3,0,center,,,,,,,,
stage_3,2,Jade Homeland,4E_1,battle,2,battle_jade_t2,47,3,4E_1_wave_3,3,jade_crossbow_gunners,4,6,south,,,,,,,,
stage_3,2,Jade Homeland,5D_1,elite,2,elite_jade_t2,51,3,5D_1_wave_1,1,jade_halberd_guardian,2,0,north,,,,,,,,
stage_3,2,Jade Homeland,5D_1,elite,2,elite_jade_t2,51,3,5D_1_wave_1,1,jade_storm_monks,3,0,center,,,,,,,,
stage_3,2,Jade Homeland,5D_1,elite,2,elite_jade_t2,51,3,5D_1_wave_1,1,jade_crossbow_gunners,3,4,south,,,,,,,,
stage_3,2,Jade Homeland,5D_1,elite,2,elite_jade_t2,51,3,5D_1_wave_2,2,jade_chi_dragoon,2,0,north,,,,,,,,
stage_3,2,Jade Homeland,5D_1,elite,2,elite_jade_t2,51,3,5D_1_wave_2,2,jade_paper_doll,3,0,center,,,,,,,,
stage_3,2,Jade Homeland,5D_1,elite,2,elite_jade_t2,51,3,5D_1_wave_2,2,jade_shuriken_ninjas,4,6,south,,,,,,,,
stage_3,2,Jade Homeland,5D_1,elite,2,elite_jade_t2,51,3,5D_1_wave_3,3,jade_blue_oni,2,0,north,,,,,,,,
stage_3,2,Jade Homeland,5D_1,elite,2,elite_jade_t2,51,3,5D_1_wave_3,3,jade_storm_monks,3,3,center,,,,,,,,
stage_3,2,Jade Homeland,5D_1,elite,2,elite_jade_t2,51,3,5D_1_wave_3,3,jade_spirit_lantern,1,10,center,,,,,,,,
stage_3,2,Jade Homeland,5D_1,elite,2,elite_jade_t2,51,3,5D_1_wave_4,4,jade_halberd_guardian,2,0,north,,,,,,,,
stage_3,2,Jade Homeland,5D_1,elite,2,elite_jade_t2,51,3,5D_1_wave_4,4,jade_shadowblade_assassins,3,4,center,,,,,,,,
stage_3,2,Jade Homeland,5D_1,elite,2,elite_jade_t2,51,3,5D_1_wave_4,4,jade_crossbow_gunners,4,8,south,,,,,,,,
stage_3,2,Jade Homeland,5D_1,elite,2,elite_jade_t2,51,3,5D_1_wave_5,5,jade_halberd_guardian,2,0,north,,,,,,,,
stage_3,2,Jade Homeland,5D_1,elite,2,elite_jade_t2,51,3,5D_1_wave_5,5,jade_chi_dragoon,2,0,center,,,,,,,,
stage_3,2,Jade Homeland,5D_1,elite,2,elite_jade_t2,51,3,5D_1_wave_5,5,jade_blue_oni,2,4,south,,,,,,,,
stage_3,2,Jade Homeland,5D_1,elite,2,elite_jade_t2,51,3,5D_1_wave_5,5,jade_shikigami_fox,3,8,north,,,,,,,,
stage_3,2,Jade Homeland,5B_1,battle,2,battle_jade_t1,49,3,5B_1_wave_1,1,jade_azure_spear,3,0,north,,,,,,,,
stage_3,2,Jade Homeland,5B_1,battle,2,battle_jade_t1,49,3,5B_1_wave_1,1,jade_crossbow_gunners,2,5,center,,,,,,,,
stage_3,2,Jade Homeland,5B_1,battle,2,battle_jade_t1,49,3,5B_1_wave_2,2,jade_azure_spear,4,0,north,,,,,,,,
stage_3,2,Jade Homeland,5B_1,battle,2,battle_jade_t1,49,3,5B_1_wave_2,2,jade_shuriken_ninjas,3,5,center,,,,,,,,
stage_3,2,Jade Homeland,5B_1,battle,2,battle_jade_t1,49,3,5B_1_wave_3,3,jade_azure_spear,4,0,north,,,,,,,,
stage_3,2,Jade Homeland,5B_1,battle,2,battle_jade_t1,49,3,5B_1_wave_3,3,jade_crossbow_gunners,3,0,center,,,,,,,,
stage_3,2,Jade Homeland,5B_1,battle,2,battle_jade_t1,49,3,5B_1_wave_3,3,jade_shuriken_ninjas,3,6,south,,,,,,,,
stage_3,2,Jade Homeland,6A_1,battle,2,battle_jade_t2,51,3,6A_1_wave_1,1,jade_storm_monks,3,0,north,,,,,,,,
stage_3,2,Jade Homeland,6A_1,battle,2,battle_jade_t2,51,3,6A_1_wave_1,1,jade_crossbow_gunners,3,0,center,,,,,,,,
stage_3,2,Jade Homeland,6A_1,battle,2,battle_jade_t2,51,3,6A_1_wave_1,1,jade_shuriken_ninjas,3,4,south,,,,,,,,
stage_3,2,Jade Homeland,6A_1,battle,2,battle_jade_t2,51,3,6A_1_wave_2,2,jade_paper_doll,3,0,north,,,,,,,,
stage_3,2,Jade Homeland,6A_1,battle,2,battle_jade_t2,51,3,6A_1_wave_2,2,jade_azure_spear,4,4,center,,,,,,,,
stage_3,2,Jade Homeland,6A_1,battle,2,battle_jade_t2,51,3,6A_1_wave_2,2,jade_spirit_lantern,1,8,center,,,,,,,,
stage_3,2,Jade Homeland,6A_1,battle,2,battle_jade_t2,51,3,6A_1_wave_3,3,jade_halberd_guardian,2,0,north,,,,,,,,
stage_3,2,Jade Homeland,6A_1,battle,2,battle_jade_t2,51,3,6A_1_wave_3,3,jade_storm_monks,3,0,center,,,,,,,,
stage_3,2,Jade Homeland,6A_1,battle,2,battle_jade_t2,51,3,6A_1_wave_3,3,jade_crossbow_gunners,4,6,south,,,,,,,,
stage_3,2,Jade Homeland,7B_1,elite,3,elite_jade_t3,54,3,7B_1_wave_1,1,jade_halberd_guardian,3,0,north,,,,,,,,
stage_3,2,Jade Homeland,7B_1,elite,3,elite_jade_t3,54,3,7B_1_wave_1,1,jade_blue_oni,3,4,center,,,,,,,,
stage_3,2,Jade Homeland,7B_1,elite,3,elite_jade_t3,54,3,7B_1_wave_1,1,jade_crossbow_gunners,4,8,south,,,,,,,,
stage_3,2,Jade Homeland,7B_1,elite,3,elite_jade_t3,54,3,7B_1_wave_2,2,jade_chi_dragoon,3,0,north,,,,,,,,
stage_3,2,Jade Homeland,7B_1,elite,3,elite_jade_t3,54,3,7B_1_wave_2,2,jade_shadowblade_assassins,3,4,center,,,,,,,,
stage_3,2,Jade Homeland,7B_1,elite,3,elite_jade_t3,54,3,7B_1_wave_2,2,jade_spirit_lantern,2,10,center,,,,,,,,
stage_3,2,Jade Homeland,7B_1,elite,3,elite_jade_t3,54,3,7B_1_wave_3,3,jade_shrine_oni,2,0,north,,,,,,,,
stage_3,2,Jade Homeland,7B_1,elite,3,elite_jade_t3,54,3,7B_1_wave_3,3,jade_halberd_guardian,2,3,center,,,,,,,,
stage_3,2,Jade Homeland,7B_1,elite,3,elite_jade_t3,54,3,7B_1_wave_3,3,jade_storm_monks,4,8,south,,,,,,,,
stage_3,2,Jade Homeland,7B_1,elite,3,elite_jade_t3,54,3,7B_1_wave_4,4,jade_shrine_oni,2,0,north,,,,,,,,
stage_3,2,Jade Homeland,7B_1,elite,3,elite_jade_t3,54,3,7B_1_wave_4,4,jade_chi_dragoon,3,4,center,,,,,,,,
stage_3,2,Jade Homeland,7B_1,elite,3,elite_jade_t3,54,3,7B_1_wave_4,4,jade_blue_oni,3,8,south,,,,,,,,
stage_3,2,Jade Homeland,7B_1,elite,3,elite_jade_t3,54,3,7B_1_wave_4,4,jade_shikigami_fox,3,10,north,,,,,,,,
stage_3,2,Jade Homeland,7B_1,elite,3,elite_jade_t3,54,3,7B_1_wave_5,5,jade_halberd_guardian,3,0,north,,,,,,,,
stage_3,2,Jade Homeland,7B_1,elite,3,elite_jade_t3,54,3,7B_1_wave_5,5,jade_shrine_oni,3,3,center,,,,,,,,
stage_3,2,Jade Homeland,7B_1,elite,3,elite_jade_t3,54,3,7B_1_wave_5,5,jade_spirit_lantern,2,10,center,,,,,,,,
stage_3,2,Jade Homeland,7B_1,elite,3,elite_jade_t3,54,3,7B_1_wave_5,5,jade_shadowblade_assassins,4,6,south,,,,,,,,
stage_3,2,Jade Homeland,8C_1,battle,3,battle_jade_t3,54,3,8C_1_wave_1,1,jade_halberd_guardian,3,0,north,,,,,,,,
stage_3,2,Jade Homeland,8C_1,battle,3,battle_jade_t3,54,3,8C_1_wave_1,1,jade_chi_dragoon,3,0,center,,,,,,,,
stage_3,2,Jade Homeland,8C_1,battle,3,battle_jade_t3,54,3,8C_1_wave_1,1,jade_crossbow_gunners,4,4,south,,,,,,,,
stage_3,2,Jade Homeland,8C_1,battle,3,battle_jade_t3,54,3,8C_1_wave_2,2,jade_blue_oni,3,0,north,,,,,,,,
stage_3,2,Jade Homeland,8C_1,battle,3,battle_jade_t3,54,3,8C_1_wave_2,2,jade_shadowblade_assassins,3,4,center,,,,,,,,
stage_3,2,Jade Homeland,8C_1,battle,3,battle_jade_t3,54,3,8C_1_wave_2,2,jade_shuriken_ninjas,4,8,south,,,,,,,,
stage_3,2,Jade Homeland,8C_1,battle,3,battle_jade_t3,54,3,8C_1_wave_3,3,jade_chi_dragoon,3,0,north,,,,,,,,
stage_3,2,Jade Homeland,8C_1,battle,3,battle_jade_t3,54,3,8C_1_wave_3,3,jade_storm_monks,4,0,center,,,,,,,,
stage_3,2,Jade Homeland,8C_1,battle,3,battle_jade_t3,54,3,8C_1_wave_3,3,jade_spirit_lantern,2,8,center,,,,,,,,
stage_3,2,Jade Homeland,10C_1,battle,3,battle_jade_t3,56,3,10C_1_wave_1,1,jade_halberd_guardian,3,0,north,,,,,,,,
stage_3,2,Jade Homeland,10C_1,battle,3,battle_jade_t3,56,3,10C_1_wave_1,1,jade_chi_dragoon,3,0,center,,,,,,,,
stage_3,2,Jade Homeland,10C_1,battle,3,battle_jade_t3,56,3,10C_1_wave_1,1,jade_crossbow_gunners,4,4,south,,,,,,,,
stage_3,2,Jade Homeland,10C_1,battle,3,battle_jade_t3,56,3,10C_1_wave_2,2,jade_blue_oni,3,0,north,,,,,,,,
stage_3,2,Jade Homeland,10C_1,battle,3,battle_jade_t3,56,3,10C_1_wave_2,2,jade_shadowblade_assassins,3,4,center,,,,,,,,
stage_3,2,Jade Homeland,10C_1,battle,3,battle_jade_t3,56,3,10C_1_wave_2,2,jade_shuriken_ninjas,4,8,south,,,,,,,,
stage_3,2,Jade Homeland,10C_1,battle,3,battle_jade_t3,56,3,10C_1_wave_3,3,jade_chi_dragoon,3,0,north,,,,,,,,
stage_3,2,Jade Homeland,10C_1,battle,3,battle_jade_t3,56,3,10C_1_wave_3,3,jade_storm_monks,4,0,center,,,,,,,,
stage_3,2,Jade Homeland,10C_1,battle,3,battle_jade_t3,56,3,10C_1_wave_3,3,jade_spirit_lantern,2,8,center,,,,,,,,
stage_3,2,Jade Homeland,12C_1,battle,3,battle_jade_t3,58,3,12C_1_wave_1,1,jade_halberd_guardian,3,0,north,,,,,,,,
stage_3,2,Jade Homeland,12C_1,battle,3,battle_jade_t3,58,3,12C_1_wave_1,1,jade_chi_dragoon,3,0,center,,,,,,,,
stage_3,2,Jade Homeland,12C_1,battle,3,battle_jade_t3,58,3,12C_1_wave_1,1,jade_crossbow_gunners,4,4,south,,,,,,,,
stage_3,2,Jade Homeland,12C_1,battle,3,battle_jade_t3,58,3,12C_1_wave_2,2,jade_blue_oni,3,0,north,,,,,,,,
stage_3,2,Jade Homeland,12C_1,battle,3,battle_jade_t3,58,3,12C_1_wave_2,2,jade_shadowblade_assassins,3,4,center,,,,,,,,
stage_3,2,Jade Homeland,12C_1,battle,3,battle_jade_t3,58,3,12C_1_wave_2,2,jade_shuriken_ninjas,4,8,south,,,,,,,,
stage_3,2,Jade Homeland,12C_1,battle,3,battle_jade_t3,58,3,12C_1_wave_3,3,jade_chi_dragoon,3,0,north,,,,,,,,
stage_3,2,Jade Homeland,12C_1,battle,3,battle_jade_t3,58,3,12C_1_wave_3,3,jade_storm_monks,4,0,center,,,,,,,,
stage_3,2,Jade Homeland,12C_1,battle,3,battle_jade_t3,58,3,12C_1_wave_3,3,jade_spirit_lantern,2,8,center,,,,,,,,
stage_3,2,Jade Homeland,13B_1,elite,3,elite_jade_t3,60,3,13B_1_wave_1,1,jade_halberd_guardian,3,0,north,,,,,,,,
stage_3,2,Jade Homeland,13B_1,elite,3,elite_jade_t3,60,3,13B_1_wave_1,1,jade_blue_oni,3,4,center,,,,,,,,
stage_3,2,Jade Homeland,13B_1,elite,3,elite_jade_t3,60,3,13B_1_wave_1,1,jade_crossbow_gunners,4,8,south,,,,,,,,
stage_3,2,Jade Homeland,13B_1,elite,3,elite_jade_t3,60,3,13B_1_wave_2,2,jade_chi_dragoon,3,0,north,,,,,,,,
stage_3,2,Jade Homeland,13B_1,elite,3,elite_jade_t3,60,3,13B_1_wave_2,2,jade_shadowblade_assassins,3,4,center,,,,,,,,
stage_3,2,Jade Homeland,13B_1,elite,3,elite_jade_t3,60,3,13B_1_wave_2,2,jade_spirit_lantern,2,10,center,,,,,,,,
stage_3,2,Jade Homeland,13B_1,elite,3,elite_jade_t3,60,3,13B_1_wave_3,3,jade_shrine_oni,2,0,north,,,,,,,,
stage_3,2,Jade Homeland,13B_1,elite,3,elite_jade_t3,60,3,13B_1_wave_3,3,jade_halberd_guardian,2,3,center,,,,,,,,
stage_3,2,Jade Homeland,13B_1,elite,3,elite_jade_t3,60,3,13B_1_wave_3,3,jade_storm_monks,4,8,south,,,,,,,,
stage_3,2,Jade Homeland,13B_1,elite,3,elite_jade_t3,60,3,13B_1_wave_4,4,jade_shrine_oni,2,0,north,,,,,,,,
stage_3,2,Jade Homeland,13B_1,elite,3,elite_jade_t3,60,3,13B_1_wave_4,4,jade_chi_dragoon,3,4,center,,,,,,,,
stage_3,2,Jade Homeland,13B_1,elite,3,elite_jade_t3,60,3,13B_1_wave_4,4,jade_blue_oni,3,8,south,,,,,,,,
stage_3,2,Jade Homeland,13B_1,elite,3,elite_jade_t3,60,3,13B_1_wave_4,4,jade_shikigami_fox,3,10,north,,,,,,,,
stage_3,2,Jade Homeland,13B_1,elite,3,elite_jade_t3,60,3,13B_1_wave_5,5,jade_halberd_guardian,3,0,north,,,,,,,,
stage_3,2,Jade Homeland,13B_1,elite,3,elite_jade_t3,60,3,13B_1_wave_5,5,jade_shrine_oni,3,3,center,,,,,,,,
stage_3,2,Jade Homeland,13B_1,elite,3,elite_jade_t3,60,3,13B_1_wave_5,5,jade_spirit_lantern,2,10,center,,,,,,,,
stage_3,2,Jade Homeland,13B_1,elite,3,elite_jade_t3,60,3,13B_1_wave_5,5,jade_shadowblade_assassins,4,6,south,,,,,,,,
stage_3,2,Jade Homeland,15A_1,boss,3,boss_jade_palace,65,3,15A_1_wave_1,1,jade_halberd_guardian,3,0,north,,,,,,,,
stage_3,2,Jade Homeland,15A_1,boss,3,boss_jade_palace,65,3,15A_1_wave_1,1,jade_storm_monks,4,4,center,,,,,,,,
stage_3,2,Jade Homeland,15A_1,boss,3,boss_jade_palace,65,3,15A_1_wave_1,1,jade_spirit_lantern,2,10,center,,,,,,,,
stage_3,2,Jade Homeland,15A_1,boss,3,boss_jade_palace,65,3,15A_1_wave_2,2,jade_chi_dragoon,3,0,north,,,,,,,,
stage_3,2,Jade Homeland,15A_1,boss,3,boss_jade_palace,65,3,15A_1_wave_2,2,jade_shrine_oni,2,4,center,,,,,,,,
stage_3,2,Jade Homeland,15A_1,boss,3,boss_jade_palace,65,3,15A_1_wave_2,2,jade_crossbow_gunners,4,8,south,,,,,,,,
stage_3,2,Jade Homeland,15A_1,boss,3,boss_jade_palace,65,3,15A_1_wave_3,3,jade_blue_oni,3,0,north,,,,,,,,
stage_3,2,Jade Homeland,15A_1,boss,3,boss_jade_palace,65,3,15A_1_wave_3,3,jade_shadowblade_assassins,4,4,center,,,,,,,,
stage_3,2,Jade Homeland,15A_1,boss,3,boss_jade_palace,65,3,15A_1_wave_3,3,jade_shikigami_fox,4,8,south,,,,,,,,
stage_3,2,Jade Homeland,15A_1,boss,3,boss_jade_palace,65,3,15A_1_wave_4,4,jade_halberd_guardian,3,0,north,,,,,,,,
stage_3,2,Jade Homeland,15A_1,boss,3,boss_jade_palace,65,3,15A_1_wave_4,4,jade_chi_dragoon,3,4,center,,,,,,,,
stage_3,2,Jade Homeland,15A_1,boss,3,boss_jade_palace,65,3,15A_1_wave_4,4,jade_shrine_oni,3,8,south,,,,,,,,
stage_3,2,Jade Homeland,15A_1,boss,3,boss_jade_palace,65,3,15A_1_wave_4,4,jade_spirit_lantern,2,12,center,,,,,,,,
stage_3,2,Jade Homeland,15A_1,boss,3,boss_jade_palace,65,3,15A_1_wave_5,5,jade_shrine_oni,3,0,north,,,,,,,,
stage_3,2,Jade Homeland,15A_1,boss,3,boss_jade_palace,65,3,15A_1_wave_5,5,jade_blue_oni,3,4,center,,,,,,,,
stage_3,2,Jade Homeland,15A_1,boss,3,boss_jade_palace,65,3,15A_1_wave_5,5,jade_halberd_guardian,3,8,south,,,,,,,,
stage_3,2,Jade Homeland,15A_1,boss,3,boss_jade_palace,65,3,15A_1_wave_5,5,jade_shikigami_fox,4,12,north,,,,,,,,
stage_3,2,Jade Homeland,15A_1,boss,3,boss_jade_palace,65,3,15A_1_wave_6,6,jade_halberd_guardian,4,0,north,,,,,,,,
stage_3,2,Jade Homeland,15A_1,boss,3,boss_jade_palace,65,3,15A_1_wave_6,6,jade_chi_dragoon,4,0,center,,,,,,,,
stage_3,2,Jade Homeland,15A_1,boss,3,boss_jade_palace,65,3,15A_1_wave_6,6,jade_shrine_oni,3,4,south,,,,,,,,
stage_3,2,Jade Homeland,15A_1,boss,3,boss_jade_palace,65,3,15A_1_wave_6,6,jade_blue_oni,3,8,center,,,,,,,,
stage_3,2,Jade Homeland,15A_1,boss,3,boss_jade_palace,65,3,15A_1_wave_6,6,jade_spirit_lantern,2,12,center,,,,,,,,
stage_3,2,Jade Homeland,15A_1,boss,3,boss_jade_palace,65,3,15A_1_wave_6,6,jade_shadowblade_assassins,5,10,south,,,,,,,,
stage_2,1,Eternal Frost Wastes,1C_2,battle,1,battle_frost_t1,21,1,1C_2_wave_1,1,shade_servant,4,0,north,,,,,,,,
stage_2,1,Eternal Frost Wastes,1C_2,battle,1,battle_frost_t1,21,1,1C_2_wave_1,1,putrid_archer,2,5,center,,,,,,,,
stage_2,1,Eternal Frost Wastes,1C_2,battle,1,battle_frost_t1,21,1,1C_2_wave_2,2,shade_servant,5,0,north,,,,,,,,
stage_2,1,Eternal Frost Wastes,1C_2,battle,1,battle_frost_t1,21,1,1C_2_wave_2,2,flesh_weaver,3,4,center,,,,,,,,
stage_2,1,Eternal Frost Wastes,1C_2,battle,1,battle_frost_t1,21,1,1C_2_wave_3,3,shade_servant,5,0,north,,,,,,,,
stage_2,1,Eternal Frost Wastes,1C_2,battle,1,battle_frost_t1,21,1,1C_2_wave_3,3,putrid_archer,3,0,center,,,,,,,,
stage_2,1,Eternal Frost Wastes,1C_2,battle,1,battle_frost_t1,21,1,1C_2_wave_3,3,flesh_weaver,3,6,south,,,,,,,,
stage_2,1,Eternal Frost Wastes,2D_2,battle,1,battle_frost_t2,23,2,2D_2_wave_1,1,shade_servant,5,0,north,,,,,,,,
stage_2,1,Eternal Frost Wastes,2D_2,battle,1,battle_frost_t2,23,2,2D_2_wave_1,1,putrid_archer,4,0,center,,,,,,,,
stage_2,1,Eternal Frost Wastes,2D_2,battle,1,battle_frost_t2,23,2,2D_2_wave_1,1,bound_spectre,2,4,south,,,,,,,,
stage_2,1,Eternal Frost Wastes,2D_2,battle,1,battle_frost_t2,23,2,2D_2_wave_2,2,cursed_walker,2,0,north,,,,,,,,
stage_2,1,Eternal Frost Wastes,2D_2,battle,1,battle_frost_t2,23,2,2D_2_wave_2,2,putrid_archer,4,4,center,,,,,,,,
stage_2,1,Eternal Frost Wastes,2D_2,battle,1,battle_frost_t2,23,2,2D_2_wave_2,2,flesh_weaver,4,8,south,,,,,,,,
stage_2,1,Eternal Frost Wastes,2D_2,battle,1,battle_frost_t2,23,2,2D_2_wave_3,3,agony_screamer,3,0,north,,,,,,,,
stage_2,1,Eternal Frost Wastes,2D_2,battle,1,battle_frost_t2,23,2,2D_2_wave_3,3,shade_servant,5,0,center,,,,,,,,
stage_2,1,Eternal Frost Wastes,2D_2,battle,1,battle_frost_t2,23,2,2D_2_wave_3,3,putrid_archer,4,6,south,,,,,,,,
stage_2,1,Eternal Frost Wastes,3D_2,elite,1,elite_frost_t2,26,2,3D_2_wave_1,1,bloodline_noble,2,0,north,,,,,,,,
stage_2,1,Eternal Frost Wastes,3D_2,elite,1,elite_frost_t2,26,2,3D_2_wave_1,1,shade_servant,5,4,center,,,,,,,,
stage_2,1,Eternal Frost Wastes,3D_2,elite,1,elite_frost_t2,26,2,3D_2_wave_1,1,putrid_archer,4,8,south,,,,,,,,
stage_2,1,Eternal Frost Wastes,3D_2,elite,1,elite_frost_t2,26,2,3D_2_wave_2,2,cursed_walker,3,0,north,,,,,,,,
stage_2,1,Eternal Frost Wastes,3D_2,elite,1,elite_frost_t2,26,2,3D_2_wave_2,2,agony_screamer,3,4,center,,,,,,,,
stage_2,1,Eternal Frost Wastes,3D_2,elite,1,elite_frost_t2,26,2,3D_2_wave_2,2,bound_spectre,3,8,south,,,,,,,,
stage_2,1,Eternal Frost Wastes,3D_2,elite,1,elite_frost_t2,26,2,3D_2_wave_3,3,screaming_coffin,2,0,north,,,,,,,,
stage_2,1,Eternal Frost Wastes,3D_2,elite,1,elite_frost_t2,26,2,3D_2_wave_3,3,bloodline_noble,3,4,center,,,,,,,,
stage_2,1,Eternal Frost Wastes,3D_2,elite,1,elite_frost_t2,26,2,3D_2_wave_3,3,putrid_archer,5,8,south,,,,,,,,
stage_2,1,Eternal Frost Wastes,3D_2,elite,1,elite_frost_t2,26,2,3D_2_wave_4,4,eternal_watcher,2,0,north,,,,,,,,
stage_2,1,Eternal Frost Wastes,3D_2,elite,1,elite_frost_t2,26,2,3D_2_wave_4,4,agony_screamer,3,4,center,,,,,,,,
stage_2,1,Eternal Frost Wastes,3D_2,elite,1,elite_frost_t2,26,2,3D_2_wave_4,4,cursed_walker,3,8,south,,,,,,,,
stage_2,1,Eternal Frost Wastes,3D_2,elite,1,elite_frost_t2,26,2,3D_2_wave_5,5,abomination,2,0,north,,,,,,,,
stage_2,1,Eternal Frost Wastes,3D_2,elite,1,elite_frost_t2,26,2,3D_2_wave_5,5,bloodline_noble,3,4,center,,,,,,,,
stage_2,1,Eternal Frost Wastes,3D_2,elite,1,elite_frost_t2,26,2,3D_2_wave_5,5,bound_spectre,4,8,south,,,,,,,,
stage_2,1,Eternal Frost Wastes,4D_2,battle,2,battle_frost_t2,26,3,4D_2_wave_1,1,shade_servant,5,0,north,,,,,,,,
stage_2,1,Eternal Frost Wastes,4D_2,battle,2,battle_frost_t2,26,3,4D_2_wave_1,1,putrid_archer,4,0,center,,,,,,,,
stage_2,1,Eternal Frost Wastes,4D_2,battle,2,battle_frost_t2,26,3,4D_2_wave_1,1,bound_spectre,2,4,south,,,,,,,,
stage_2,1,Eternal Frost Wastes,4D_2,battle,2,battle_frost_t2,26,3,4D_2_wave_2,2,cursed_walker,2,0,north,,,,,,,,
stage_2,1,Eternal Frost Wastes,4D_2,battle,2,battle_frost_t2,26,3,4D_2_wave_2,2,putrid_archer,4,4,center,,,,,,,,
stage_2,1,Eternal Frost Wastes,4D_2,battle,2,battle_frost_t2,26,3,4D_2_wave_2,2,flesh_weaver,4,8,south,,,,,,,,
stage_2,1,Eternal Frost Wastes,4D_2,battle,2,battle_frost_t2,26,3,4D_2_wave_3,3,agony_screamer,3,0,north,,,,,,,,
stage_2,1,Eternal Frost Wastes,4D_2,battle,2,battle_frost_t2,26,3,4D_2_wave_3,3,shade_servant,5,0,center,,,,,,,,
stage_2,1,Eternal Frost Wastes,4D_2,battle,2,battle_frost_t2,26,3,4D_2_wave_3,3,putrid_archer,4,6,south,,,,,,,,
stage_2,1,Eternal Frost Wastes,6C_2,elite,2,elite_frost_t2,30,3,6C_2_wave_1,1,bloodline_noble,2,0,north,,,,,,,,
stage_2,1,Eternal Frost Wastes,6C_2,elite,2,elite_frost_t2,30,3,6C_2_wave_1,1,shade_servant,5,4,center,,,,,,,,
stage_2,1,Eternal Frost Wastes,6C_2,elite,2,elite_frost_t2,30,3,6C_2_wave_1,1,putrid_archer,4,8,south,,,,,,,,
stage_2,1,Eternal Frost Wastes,6C_2,elite,2,elite_frost_t2,30,3,6C_2_wave_2,2,cursed_walker,3,0,north,,,,,,,,
stage_2,1,Eternal Frost Wastes,6C_2,elite,2,elite_frost_t2,30,3,6C_2_wave_2,2,agony_screamer,3,4,center,,,,,,,,
stage_2,1,Eternal Frost Wastes,6C_2,elite,2,elite_frost_t2,30,3,6C_2_wave_2,2,bound_spectre,3,8,south,,,,,,,,
stage_2,1,Eternal Frost Wastes,6C_2,elite,2,elite_frost_t2,30,3,6C_2_wave_3,3,screaming_coffin,2,0,north,,,,,,,,
stage_2,1,Eternal Frost Wastes,6C_2,elite,2,elite_frost_t2,30,3,6C_2_wave_3,3,bloodline_noble,3,4,center,,,,,,,,
stage_2,1,Eternal Frost Wastes,6C_2,elite,2,elite_frost_t2,30,3,6C_2_wave_3,3,putrid_archer,5,8,south,,,,,,,,
stage_2,1,Eternal Frost Wastes,6C_2,elite,2,elite_frost_t2,30,3,6C_2_wave_4,4,eternal_watcher,2,0,north,,,,,,,,
stage_2,1,Eternal Frost Wastes,6C_2,elite,2,elite_frost_t2,30,3,6C_2_wave_4,4,agony_screamer,3,4,center,,,,,,,,
stage_2,1,Eternal Frost Wastes,6C_2,elite,2,elite_frost_t2,30,3,6C_2_wave_4,4,cursed_walker,3,8,south,,,,,,,,
stage_2,1,Eternal Frost Wastes,6C_2,elite,2,elite_frost_t2,30,3,6C_2_wave_5,5,abomination,2,0,north,,,,,,,,
stage_2,1,Eternal Frost Wastes,6C_2,elite,2,elite_frost_t2,30,3,6C_2_wave_5,5,bloodline_noble,3,4,center,,,,,,,,
stage_2,1,Eternal Frost Wastes,6C_2,elite,2,elite_frost_t2,30,3,6C_2_wave_5,5,bound_spectre,4,8,south,,,,,,,,
stage_2,1,Eternal Frost Wastes,7B_2,battle,2,battle_frost_t1,30,3,7B_2_wave_1,1,shade_servant,4,0,north,,,,,,,,
stage_2,1,Eternal Frost Wastes,7B_2,battle,2,battle_frost_t1,30,3,7B_2_wave_1,1,putrid_archer,2,5,center,,,,,,,,
stage_2,1,Eternal Frost Wastes,7B_2,battle,2,battle_frost_t1,30,3,7B_2_wave_2,2,shade_servant,5,0,north,,,,,,,,
stage_2,1,Eternal Frost Wastes,7B_2,battle,2,battle_frost_t1,30,3,7B_2_wave_2,2,flesh_weaver,3,4,center,,,,,,,,
stage_2,1,Eternal Frost Wastes,7B_2,battle,2,battle_frost_t1,30,3,7B_2_wave_3,3,shade_servant,5,0,north,,,,,,,,
stage_2,1,Eternal Frost Wastes,7B_2,battle,2,battle_frost_t1,30,3,7B_2_wave_3,3,putrid_archer,3,0,center,,,,,,,,
stage_2,1,Eternal Frost Wastes,7B_2,battle,2,battle_frost_t1,30,3,7B_2_wave_3,3,flesh_weaver,3,6,south,,,,,,,,
stage_2,1,Eternal Frost Wastes,8D_2,battle,3,battle_frost_t2,31,4,8D_2_wave_1,1,shade_servant,5,0,north,,,,,,,,
stage_2,1,Eternal Frost Wastes,8D_2,battle,3,battle_frost_t2,31,4,8D_2_wave_1,1,putrid_archer,4,0,center,,,,,,,,
stage_2,1,Eternal Frost Wastes,8D_2,battle,3,battle_frost_t2,31,4,8D_2_wave_1,1,bound_spectre,2,4,south,,,,,,,,
stage_2,1,Eternal Frost Wastes,8D_2,battle,3,battle_frost_t2,31,4,8D_2_wave_2,2,cursed_walker,2,0,north,,,,,,,,
stage_2,1,Eternal Frost Wastes,8D_2,battle,3,battle_frost_t2,31,4,8D_2_wave_2,2,putrid_archer,4,4,center,,,,,,,,
stage_2,1,Eternal Frost Wastes,8D_2,battle,3,battle_frost_t2,31,4,8D_2_wave_2,2,flesh_weaver,4,8,south,,,,,,,,
stage_2,1,Eternal Frost Wastes,8D_2,battle,3,battle_frost_t2,31,4,8D_2_wave_3,3,agony_screamer,3,0,north,,,,,,,,
stage_2,1,Eternal Frost Wastes,8D_2,battle,3,battle_frost_t2,31,4,8D_2_wave_3,3,shade_servant,5,0,center,,,,,,,,
stage_2,1,Eternal Frost Wastes,8D_2,battle,3,battle_frost_t2,31,4,8D_2_wave_3,3,putrid_archer,4,6,south,,,,,,,,
stage_2,1,Eternal Frost Wastes,10B_2,elite,3,elite_frost_t3,35,3,10B_2_wave_1,1,eternal_watcher,2,0,north,,,,,,,,
stage_2,1,Eternal Frost Wastes,10B_2,elite,3,elite_frost_t3,35,3,10B_2_wave_1,1,bloodline_noble,3,4,center,,,,,,,,
stage_2,1,Eternal Frost Wastes,10B_2,elite,3,elite_frost_t3,35,3,10B_2_wave_1,1,putrid_archer,5,8,south,,,,,,,,
stage_2,1,Eternal Frost Wastes,10B_2,elite,3,elite_frost_t3,35,3,10B_2_wave_2,2,abomination,2,0,north,,,,,,,,
stage_2,1,Eternal Frost Wastes,10B_2,elite,3,elite_frost_t3,35,3,10B_2_wave_2,2,forbidden_scientist,2,4,center,,,,,,,,
stage_2,1,Eternal Frost Wastes,10B_2,elite,3,elite_frost_t3,35,3,10B_2_wave_2,2,agony_screamer,4,8,south,,,,,,,,
stage_2,1,Eternal Frost Wastes,10B_2,elite,3,elite_frost_t3,35,3,10B_2_wave_3,3,flesh_titan,1,0,north,,,,,,,,
stage_2,1,Eternal Frost Wastes,10B_2,elite,3,elite_frost_t3,35,3,10B_2_wave_3,3,eternal_watcher,2,4,center,,,,,,,,
stage_2,1,Eternal Frost Wastes,10B_2,elite,3,elite_frost_t3,35,3,10B_2_wave_3,3,bloodline_noble,4,8,south,,,,,,,,
stage_2,1,Eternal Frost Wastes,10B_2,elite,3,elite_frost_t3,35,3,10B_2_wave_4,4,abomination,2,0,north,,,,,,,,
stage_2,1,Eternal Frost Wastes,10B_2,elite,3,elite_frost_t3,35,3,10B_2_wave_4,4,bloodline_noble,4,4,center,,,,,,,,
stage_2,1,Eternal Frost Wastes,10B_2,elite,3,elite_frost_t3,35,3,10B_2_wave_4,4,forbidden_scientist,2,8,south,,,,,,,,
stage_2,1,Eternal Frost Wastes,10B_2,elite,3,elite_frost_t3,35,3,10B_2_wave_5,5,flesh_titan,1,0,north,,,,,,,,
stage_2,1,Eternal Frost Wastes,10B_2,elite,3,elite_frost_t3,35,3,10B_2_wave_5,5,eternal_watcher,2,4,center,,,,,,,,
stage_2,1,Eternal Frost Wastes,10B_2,elite,3,elite_frost_t3,35,3,10B_2_wave_5,5,bloodline_noble,5,8,south,,,,,,,,
stage_2,1,Eternal Frost Wastes,11A_2,battle,3,battle_frost_t3,35,3,11A_2_wave_1,1,bloodline_noble,3,0,north,,,,,,,,
stage_2,1,Eternal Frost Wastes,11A_2,battle,3,battle_frost_t3,35,3,11A_2_wave_1,1,agony_screamer,3,0,center,,,,,,,,
stage_2,1,Eternal Frost Wastes,11A_2,battle,3,battle_frost_t3,35,3,11A_2_wave_1,1,putrid_archer,4,4,south,,,,,,,,
stage_2,1,Eternal Frost Wastes,11A_2,battle,3,battle_frost_t3,35,3,11A_2_wave_2,2,screaming_coffin,2,0,north,,,,,,,,
stage_2,1,Eternal Frost Wastes,11A_2,battle,3,battle_frost_t3,35,3,11A_2_wave_2,2,bound_spectre,3,4,center,,,,,,,,
stage_2,1,Eternal Frost Wastes,11A_2,battle,3,battle_frost_t3,35,3,11A_2_wave_2,2,agony_screamer,4,8,south,,,,,,,,
stage_2,1,Eternal Frost Wastes,11A_2,battle,3,battle_frost_t3,35,3,11A_2_wave_3,3,eternal_watcher,2,0,north,,,,,,,,
stage_2,1,Eternal Frost Wastes,11A_2,battle,3,battle_frost_t3,35,3,11A_2_wave_3,3,bloodline_noble,3,4,center,,,,,,,,
stage_2,1,Eternal Frost Wastes,11A_2,battle,3,battle_frost_t3,35,3,11A_2_wave_3,3,putrid_archer,5,8,south,,,,,,,,
stage_2,1,Eternal Frost Wastes,11E_2,battle,3,battle_frost_t3,35,3,11E_2_wave_1,1,bloodline_noble,3,0,north,,,,,,,,
stage_2,1,Eternal Frost Wastes,11E_2,battle,3,battle_frost_t3,35,3,11E_2_wave_1,1,agony_screamer,3,0,center,,,,,,,,
stage_2,1,Eternal Frost Wastes,11E_2,battle,3,battle_frost_t3,35,3,11E_2_wave_1,1,putrid_archer,4,4,south,,,,,,,,
stage_2,1,Eternal Frost Wastes,11E_2,battle,3,battle_frost_t3,35,3,11E_2_wave_2,2,screaming_coffin,2,0,north,,,,,,,,
stage_2,1,Eternal Frost Wastes,11E_2,battle,3,battle_frost_t3,35,3,11E_2_wave_2,2,bound_spectre,3,4,center,,,,,,,,
stage_2,1,Eternal Frost Wastes,11E_2,battle,3,battle_frost_t3,35,3,11E_2_wave_2,2,agony_screamer,4,8,south,,,,,,,,
stage_2,1,Eternal Frost Wastes,11E_2,battle,3,battle_frost_t3,35,3,11E_2_wave_3,3,eternal_watcher,2,0,north,,,,,,,,
stage_2,1,Eternal Frost Wastes,11E_2,battle,3,battle_frost_t3,35,3,11E_2_wave_3,3,bloodline_noble,3,4,center,,,,,,,,
stage_2,1,Eternal Frost Wastes,11E_2,battle,3,battle_frost_t3,35,3,11E_2_wave_3,3,putrid_archer,5,8,south,,,,,,,,
stage_2,1,Eternal Frost Wastes,12E_2,battle,3,battle_frost_t3,37,3,12E_2_wave_1,1,bloodline_noble,3,0,north,,,,,,,,
stage_2,1,Eternal Frost Wastes,12E_2,battle,3,battle_frost_t3,37,3,12E_2_wave_1,1,agony_screamer,3,0,center,,,,,,,,
stage_2,1,Eternal Frost Wastes,12E_2,battle,3,battle_frost_t3,37,3,12E_2_wave_1,1,putrid_archer,4,4,south,,,,,,,,
stage_2,1,Eternal Frost Wastes,12E_2,battle,3,battle_frost_t3,37,3,12E_2_wave_2,2,screaming_coffin,2,0,north,,,,,,,,
stage_2,1,Eternal Frost Wastes,12E_2,battle,3,battle_frost_t3,37,3,12E_2_wave_2,2,bound_spectre,3,4,center,,,,,,,,
stage_2,1,Eternal Frost Wastes,12E_2,battle,3,battle_frost_t3,37,3,12E_2_wave_2,2,agony_screamer,4,8,south,,,,,,,,
stage_2,1,Eternal Frost Wastes,12E_2,battle,3,battle_frost_t3,37,3,12E_2_wave_3,3,eternal_watcher,2,0,north,,,,,,,,
stage_2,1,Eternal Frost Wastes,12E_2,battle,3,battle_frost_t3,37,3,12E_2_wave_3,3,bloodline_noble,3,4,center,,,,,,,,
stage_2,1,Eternal Frost Wastes,12E_2,battle,3,battle_frost_t3,37,3,12E_2_wave_3,3,putrid_archer,5,8,south,,,,,,,,
stage_2,1,Eternal Frost Wastes,13D_2,battle,3,battle_frost_t3,38,3,13D_2_wave_1,1,bloodline_noble,3,0,north,,,,,,,,
stage_2,1,Eternal Frost Wastes,13D_2,battle,3,battle_frost_t3,38,3,13D_2_wave_1,1,agony_screamer,3,0,center,,,,,,,,
stage_2,1,Eternal Frost Wastes,13D_2,battle,3,battle_frost_t3,38,3,13D_2_wave_1,1,putrid_archer,4,4,south,,,,,,,,
stage_2,1,Eternal Frost Wastes,13D_2,battle,3,battle_frost_t3,38,3,13D_2_wave_2,2,screaming_coffin,2,0,north,,,,,,,,
stage_2,1,Eternal Frost Wastes,13D_2,battle,3,battle_frost_t3,38,3,13D_2_wave_2,2,bound_spectre,3,4,center,,,,,,,,
stage_2,1,Eternal Frost Wastes,13D_2,battle,3,battle_frost_t3,38,3,13D_2_wave_2,2,agony_screamer,4,8,south,,,,,,,,
stage_2,1,Eternal Frost Wastes,13D_2,battle,3,battle_frost_t3,38,3,13D_2_wave_3,3,eternal_watcher,2,0,north,,,,,,,,
stage_2,1,Eternal Frost Wastes,13D_2,battle,3,battle_frost_t3,38,3,13D_2_wave_3,3,bloodline_noble,3,4,center,,,,,,,,
stage_2,1,Eternal Frost Wastes,13D_2,battle,3,battle_frost_t3,38,3,13D_2_wave_3,3,putrid_archer,5,8,south,,,,,,,,
stage_2,1,Eternal Frost Wastes,14D_2,elite,3,elite_frost_t3,40,3,14D_2_wave_1,1,eternal_watcher,2,0,north,,,,,,,,
stage_2,1,Eternal Frost Wastes,14D_2,elite,3,elite_frost_t3,40,3,14D_2_wave_1,1,bloodline_noble,3,4,center,,,,,,,,
stage_2,1,Eternal Frost Wastes,14D_2,elite,3,elite_frost_t3,40,3,14D_2_wave_1,1,putrid_archer,5,8,south,,,,,,,,
stage_2,1,Eternal Frost Wastes,14D_2,elite,3,elite_frost_t3,40,3,14D_2_wave_2,2,abomination,2,0,north,,,,,,,,
stage_2,1,Eternal Frost Wastes,14D_2,elite,3,elite_frost_t3,40,3,14D_2_wave_2,2,forbidden_scientist,2,4,center,,,,,,,,
stage_2,1,Eternal Frost Wastes,14D_2,elite,3,elite_frost_t3,40,3,14D_2_wave_2,2,agony_screamer,4,8,south,,,,,,,,
stage_2,1,Eternal Frost Wastes,14D_2,elite,3,elite_frost_t3,40,3,14D_2_wave_3,3,flesh_titan,1,0,north,,,,,,,,
stage_2,1,Eternal Frost Wastes,14D_2,elite,3,elite_frost_t3,40,3,14D_2_wave_3,3,eternal_watcher,2,4,center,,,,,,,,
stage_2,1,Eternal Frost Wastes,14D_2,elite,3,elite_frost_t3,40,3,14D_2_wave_3,3,bloodline_noble,4,8,south,,,,,,,,
stage_2,1,Eternal Frost Wastes,14D_2,elite,3,elite_frost_t3,40,3,14D_2_wave_4,4,abomination,2,0,north,,,,,,,,
stage_2,1,Eternal Frost Wastes,14D_2,elite,3,elite_frost_t3,40,3,14D_2_wave_4,4,bloodline_noble,4,4,center,,,,,,,,
stage_2,1,Eternal Frost Wastes,14D_2,elite,3,elite_frost_t3,40,3,14D_2_wave_4,4,forbidden_scientist,2,8,south,,,,,,,,
stage_2,1,Eternal Frost Wastes,14D_2,elite,3,elite_frost_t3,40,3,14D_2_wave_5,5,flesh_titan,1,0,north,,,,,,,,
stage_2,1,Eternal Frost Wastes,14D_2,elite,3,elite_frost_t3,40,3,14D_2_wave_5,5,eternal_watcher,2,4,center,,,,,,,,
stage_2,1,Eternal Frost Wastes,14D_2,elite,3,elite_frost_t3,40,3,14D_2_wave_5,5,bloodline_noble,5,8,south,,,,,,,,
stage_2,1,Eternal Frost Wastes,15A_2,boss,3,boss_frost_necropolis,45,3,15A_2_wave_1,1,eternal_watcher,2,0,north,,,,,,,,
stage_2,1,Eternal Frost Wastes,15A_2,boss,3,boss_frost_necropolis,45,3,15A_2_wave_1,1,bloodline_noble,3,4,center,,,,,,,,
stage_2,1,Eternal Frost Wastes,15A_2,boss,3,boss_frost_necropolis,45,3,15A_2_wave_1,1,putrid_archer,4,8,south,,,,,,,,
stage_2,1,Eternal Frost Wastes,15A_2,boss,3,boss_frost_necropolis,45,3,15A_2_wave_2,2,abomination,2,0,north,,,,,,,,
stage_2,1,Eternal Frost Wastes,15A_2,boss,3,boss_frost_necropolis,45,3,15A_2_wave_2,2,forbidden_scientist,2,4,center,,,,,,,,
stage_2,1,Eternal Frost Wastes,15A_2,boss,3,boss_frost_necropolis,45,3,15A_2_wave_2,2,agony_screamer,4,8,south,,,,,,,,
stage_2,1,Eternal Frost Wastes,15A_2,boss,3,boss_frost_necropolis,45,3,15A_2_wave_3,3,flesh_titan,1,0,north,,,,,,,,
stage_2,1,Eternal Frost Wastes,15A_2,boss,3,boss_frost_necropolis,45,3,15A_2_wave_3,3,eternal_watcher,2,4,center,,,,,,,,
stage_2,1,Eternal Frost Wastes,15A_2,boss,3,boss_frost_necropolis,45,3,15A_2_wave_3,3,bloodline_noble,5,8,south,,,,,,,,
stage_2,1,Eternal Frost Wastes,15A_2,boss,3,boss_frost_necropolis,45,3,15A_2_wave_4,4,abomination,2,0,north,,,,,,,,
stage_2,1,Eternal Frost Wastes,15A_2,boss,3,boss_frost_necropolis,45,3,15A_2_wave_4,4,eternal_watcher,2,4,center,,,,,,,,
stage_2,1,Eternal Frost Wastes,15A_2,boss,3,boss_frost_necropolis,45,3,15A_2_wave_4,4,bound_spectre,4,8,south,,,,,,,,
stage_2,1,Eternal Frost Wastes,15A_2,boss,3,boss_frost_necropolis,45,3,15A_2_wave_4,4,forbidden_scientist,2,12,center,,,,,,,,
stage_2,1,Eternal Frost Wastes,15A_2,boss,3,boss_frost_necropolis,45,3,15A_2_wave_5,5,flesh_titan,1,0,north,,,,,,,,
stage_2,1,Eternal Frost Wastes,15A_2,boss,3,boss_frost_necropolis,45,3,15A_2_wave_5,5,abomination,2,4,center,,,,,,,,
stage_2,1,Eternal Frost Wastes,15A_2,boss,3,boss_frost_necropolis,45,3,15A_2_wave_5,5,bloodline_noble,5,8,south,,,,,,,,
stage_2,1,Eternal Frost Wastes,15A_2,boss,3,boss_frost_necropolis,45,3,15A_2_wave_5,5,cursed_walker,3,12,center,,,,,,,,
stage_2,1,Eternal Frost Wastes,15A_2,boss,3,boss_frost_necropolis,45,3,15A_2_wave_6,6,flesh_titan,1,0,north,,,,,,,,
stage_2,1,Eternal Frost Wastes,15A_2,boss,3,boss_frost_necropolis,45,3,15A_2_wave_6,6,eternal_watcher,2,4,center,,,,,,,,
stage_2,1,Eternal Frost Wastes,15A_2,boss,3,boss_frost_necropolis,45,3,15A_2_wave_6,6,abomination,2,8,south,,,,,,,,
stage_2,1,Eternal Frost Wastes,15A_2,boss,3,boss_frost_necropolis,45,3,15A_2_wave_6,6,bloodline_noble,6,12,center,,,,,,,,
stage_2,1,Eternal Frost Wastes,15E_2,boss,3,boss_frost_necropolis,45,3,15E_2_wave_1,1,eternal_watcher,2,0,north,,,,,,,,
stage_2,1,Eternal Frost Wastes,15E_2,boss,3,boss_frost_necropolis,45,3,15E_2_wave_1,1,bloodline_noble,3,4,center,,,,,,,,
stage_2,1,Eternal Frost Wastes,15E_2,boss,3,boss_frost_necropolis,45,3,15E_2_wave_1,1,putrid_archer,4,8,south,,,,,,,,
stage_2,1,Eternal Frost Wastes,15E_2,boss,3,boss_frost_necropolis,45,3,15E_2_wave_2,2,abomination,2,0,north,,,,,,,,
stage_2,1,Eternal Frost Wastes,15E_2,boss,3,boss_frost_necropolis,45,3,15E_2_wave_2,2,forbidden_scientist,2,4,center,,,,,,,,
stage_2,1,Eternal Frost Wastes,15E_2,boss,3,boss_frost_necropolis,45,3,15E_2_wave_2,2,agony_screamer,4,8,south,,,,,,,,
stage_2,1,Eternal Frost Wastes,15E_2,boss,3,boss_frost_necropolis,45,3,15E_2_wave_3,3,flesh_titan,1,0,north,,,,,,,,
stage_2,1,Eternal Frost Wastes,15E_2,boss,3,boss_frost_necropolis,45,3,15E_2_wave_3,3,eternal_watcher,2,4,center,,,,,,,,
stage_2,1,Eternal Frost Wastes,15E_2,boss,3,boss_frost_necropolis,45,3,15E_2_wave_3,3,bloodline_noble,5,8,south,,,,,,,,
stage_2,1,Eternal Frost Wastes,15E_2,boss,3,boss_frost_necropolis,45,3,15E_2_wave_4,4,abomination,2,0,north,,,,,,,,
stage_2,1,Eternal Frost Wastes,15E_2,boss,3,boss_frost_necropolis,45,3,15E_2_wave_4,4,eternal_watcher,2,4,center,,,,,,,,
stage_2,1,Eternal Frost Wastes,15E_2,boss,3,boss_frost_necropolis,45,3,15E_2_wave_4,4,bound_spectre,4,8,south,,,,,,,,
stage_2,1,Eternal Frost Wastes,15E_2,boss,3,boss_frost_necropolis,45,3,15E_2_wave_4,4,forbidden_scientist,2,12,center,,,,,,,,
stage_2,1,Eternal Frost Wastes,15E_2,boss,3,boss_frost_necropolis,45,3,15E_2_wave_5,5,flesh_titan,1,0,north,,,,,,,,
stage_2,1,Eternal Frost Wastes,15E_2,boss,3,boss_frost_necropolis,45,3,15E_2_wave_5,5,abomination,2,4,center,,,,,,,,
stage_2,1,Eternal Frost Wastes,15E_2,boss,3,boss_frost_necropolis,45,3,15E_2_wave_5,5,bloodline_noble,5,8,south,,,,,,,,
stage_2,1,Eternal Frost Wastes,15E_2,boss,3,boss_frost_necropolis,45,3,15E_2_wave_5,5,cursed_walker,3,12,center,,,,,,,,
stage_2,1,Eternal Frost Wastes,15E_2,boss,3,boss_frost_necropolis,45,3,15E_2_wave_6,6,flesh_titan,1,0,north,,,,,,,,
stage_2,1,Eternal Frost Wastes,15E_2,boss,3,boss_frost_necropolis,45,3,15E_2_wave_6,6,eternal_watcher,2,4,center,,,,,,,,
stage_2,1,Eternal Frost Wastes,15E_2,boss,3,boss_frost_necropolis,45,3,15E_2_wave_6,6,abomination,2,8,south,,,,,,,,
stage_2,1,Eternal Frost Wastes,15E_2,boss,3,boss_frost_necropolis,45,3,15E_2_wave_6,6,bloodline_noble,6,12,center,,,,,,,,
stage_1,0,Triarch Dominion,1C_3,battle,1,battle_triarch_t1,1,1,1C_3_wave_1,1,triarch_dominion_footmen,4,0,north,,,,,,,,
stage_1,0,Triarch Dominion,1C_3,battle,1,battle_triarch_t1,1,1,1C_3_wave_1,1,triarch_dominion_gunner,2,5,center,,,,,,,,
stage_1,0,Triarch Dominion,1C_3,battle,1,battle_triarch_t1,1,1,1C_3_wave_2,2,triarch_zealot_duelist,4,0,north,,,,,,,,
stage_1,0,Triarch Dominion,1C_3,battle,1,battle_triarch_t1,1,1,1C_3_wave_2,2,triarch_aether_archer,3,4,center,,,,,,,,
stage_1,0,Triarch Dominion,1C_3,battle,1,battle_triarch_t1,1,1,1C_3_wave_3,3,triarch_dominion_footmen,4,0,north,,,,,,,,
stage_1,0,Triarch Dominion,1C_3,battle,1,battle_triarch_t1,1,1,1C_3_wave_3,3,triarch_rifleman_squad,3,4,center,,,,,,,,
stage_1,0,Triarch Dominion,1C_3,battle,1,battle_triarch_t1,1,1,1C_3_wave_3,3,triarch_mana_siphon_adept,2,7,south,,,,,,,,
stage_1,0,Triarch Dominion,2D_3,battle,1,battle_triarch_t2,3,2,2D_3_wave_1,1,triarch_crusader_shieldbearer,2,0,north,,,,,,,,
stage_1,0,Triarch Dominion,2D_3,battle,1,battle_triarch_t2,3,2,2D_3_wave_1,1,triarch_rifleman_squad,3,0,center,,,,,,,,
stage_1,0,Triarch Dominion,2D_3,battle,1,battle_triarch_t2,3,2,2D_3_wave_1,1,triarch_mana_siphon_adept,2,5,south,,,,,,,,
stage_1,0,Triarch Dominion,2D_3,battle,1,battle_triarch_t2,3,2,2D_3_wave_2,2,triarch_firethrower_unit,2,0,north,,,,,,,,
stage_1,0,Triarch Dominion,2D_3,battle,1,battle_triarch_t2,3,2,2D_3_wave_2,2,triarch_zealot_duelist,4,4,center,,,,,,,,
stage_1,0,Triarch Dominion,2D_3,battle,1,battle_triarch_t2,3,2,2D_3_wave_2,2,triarch_acolyte_healer,2,8,center,,,,,,,,
stage_1,0,Triarch Dominion,2D_3,battle,1,battle_triarch_t2,3,2,2D_3_wave_3,3,triarch_aether_golem,2,0,north,,,,,,,,
stage_1,0,Triarch Dominion,2D_3,battle,1,battle_triarch_t2,3,2,2D_3_wave_3,3,triarch_lightning_sorcerer,3,3,center,,,,,,,,
stage_1,0,Triarch Dominion,2D_3,battle,1,battle_triarch_t2,3,2,2D_3_wave_3,3,triarch_aether_archer,3,6,south,,,,,,,,
stage_1,0,Triarch Dominion,3D_3,elite,1,elite_triarch_t2,6,2,3D_3_wave_1,1,triarch_aether_golem,2,0,north,,,,,,,,
stage_1,0,Triarch Dominion,3D_3,elite,1,elite_triarch_t2,6,2,3D_3_wave_1,1,triarch_rifleman_squad,3,0,center,,,,,,,,
stage_1,0,Triarch Dominion,3D_3,elite,1,elite_triarch_t2,6,2,3D_3_wave_1,1,triarch_acolyte_healer,2,6,center,,,,,,,,
stage_1,0,Triarch Dominion,3D_3,elite,1,elite_triarch_t2,6,2,3D_3_wave_2,2,triarch_crusader_shieldbearer,3,0,north,,,,,,,,
stage_1,0,Triarch Dominion,3D_3,elite,1,elite_triarch_t2,6,2,3D_3_wave_2,2,triarch_lightning_sorcerer,3,4,center,,,,,,,,
stage_1,0,Triarch Dominion,3D_3,elite,1,elite_triarch_t2,6,2,3D_3_wave_2,2,triarch_sniper_elite,2,8,south,,,,,,,,
stage_1,0,Triarch Dominion,3D_3,elite,1,elite_triarch_t2,6,2,3D_3_wave_3,3,triarch_seraph_guardian,1,0,north,,,,,,,,
stage_1,0,Triarch Dominion,3D_3,elite,1,elite_triarch_t2,6,2,3D_3_wave_3,3,triarch_firethrower_unit,3,4,center,,,,,,,,
stage_1,0,Triarch Dominion,3D_3,elite,1,elite_triarch_t2,6,2,3D_3_wave_3,3,triarch_mana_siphon_adept,3,8,south,,,,,,,,
stage_1,0,Triarch Dominion,3D_3,elite,1,elite_triarch_t2,6,2,3D_3_wave_4,4,triarch_aether_golem,2,0,north,,,,,,,,
stage_1,0,Triarch Dominion,3D_3,elite,1,elite_triarch_t2,6,2,3D_3_wave_4,4,triarch_priestess_dawn,2,5,center,,,,,,,,
stage_1,0,Triarch Dominion,3D_3,elite,1,elite_triarch_t2,6,2,3D_3_wave_4,4,triarch_aether_archer,4,8,south,,,,,,,,
stage_1,0,Triarch Dominion,3D_3,elite,1,elite_triarch_t2,6,2,3D_3_wave_5,5,triarch_crusader_shieldbearer,3,0,north,,,,,,,,
stage_1,0,Triarch Dominion,3D_3,elite,1,elite_triarch_t2,6,2,3D_3_wave_5,5,triarch_lightning_sorcerer,3,4,center,,,,,,,,
stage_1,0,Triarch Dominion,3D_3,elite,1,elite_triarch_t2,6,2,3D_3_wave_5,5,triarch_firethrower_unit,3,8,south,,,,,,,,
stage_1,0,Triarch Dominion,4D_3,battle,2,battle_triarch_t2,6,3,4D_3_wave_1,1,triarch_crusader_shieldbearer,2,0,north,,,,,,,,
stage_1,0,Triarch Dominion,4D_3,battle,2,battle_triarch_t2,6,3,4D_3_wave_1,1,triarch_rifleman_squad,3,0,center,,,,,,,,
stage_1,0,Triarch Dominion,4D_3,battle,2,battle_triarch_t2,6,3,4D_3_wave_1,1,triarch_mana_siphon_adept,2,5,south,,,,,,,,
stage_1,0,Triarch Dominion,4D_3,battle,2,battle_triarch_t2,6,3,4D_3_wave_2,2,triarch_firethrower_unit,2,0,north,,,,,,,,
stage_1,0,Triarch Dominion,4D_3,battle,2,battle_triarch_t2,6,3,4D_3_wave_2,2,triarch_zealot_duelist,4,4,center,,,,,,,,
stage_1,0,Triarch Dominion,4D_3,battle,2,battle_triarch_t2,6,3,4D_3_wave_2,2,triarch_acolyte_healer,2,8,center,,,,,,,,
stage_1,0,Triarch Dominion,4D_3,battle,2,battle_triarch_t2,6,3,4D_3_wave_3,3,triarch_aether_golem,2,0,north,,,,,,,,
stage_1,0,Triarch Dominion,4D_3,battle,2,battle_triarch_t2,6,3,4D_3_wave_3,3,triarch_lightning_sorcerer,3,3,center,,,,,,,,
stage_1,0,Triarch Dominion,4D_3,battle,2,battle_triarch_t2,6,3,4D_3_wave_3,3,triarch_aether_archer,3,6,south,,,,,,,,
stage_1,0,Triarch Dominion,6C_3,elite,2,elite_triarch_t2,10,3,6C_3_wave_1,1,triarch_aether_golem,2,0,north,,,,,,,,
stage_1,0,Triarch Dominion,6C_3,elite,2,elite_triarch_t2,10,3,6C_3_wave_1,1,triarch_rifleman_squad,3,0,center,,,,,,,,
stage_1,0,Triarch Dominion,6C_3,elite,2,elite_triarch_t2,10,3,6C_3_wave_1,1,triarch_acolyte_healer,2,6,center,,,,,,,,
stage_1,0,Triarch Dominion,6C_3,elite,2,elite_triarch_t2,10,3,6C_3_wave_2,2,triarch_crusader_shieldbearer,3,0,north,,,,,,,,
stage_1,0,Triarch Dominion,6C_3,elite,2,elite_triarch_t2,10,3,6C_3_wave_2,2,triarch_lightning_sorcerer,3,4,center,,,,,,,,
stage_1,0,Triarch Dominion,6C_3,elite,2,elite_triarch_t2,10,3,6C_3_wave_2,2,triarch_sniper_elite,2,8,south,,,,,,,,
stage_1,0,Triarch Dominion,6C_3,elite,2,elite_triarch_t2,10,3,6C_3_wave_3,3,triarch_seraph_guardian,1,0,north,,,,,,,,
stage_1,0,Triarch Dominion,6C_3,elite,2,elite_triarch_t2,10,3,6C_3_wave_3,3,triarch_firethrower_unit,3,4,center,,,,,,,,
stage_1,0,Triarch Dominion,6C_3,elite,2,elite_triarch_t2,10,3,6C_3_wave_3,3,triarch_mana_siphon_adept,3,8,south,,,,,,,,
stage_1,0,Triarch Dominion,6C_3,elite,2,elite_triarch_t2,10,3,6C_3_wave_4,4,triarch_aether_golem,2,0,north,,,,,,,,
stage_1,0,Triarch Dominion,6C_3,elite,2,elite_triarch_t2,10,3,6C_3_wave_4,4,triarch_priestess_dawn,2,5,center,,,,,,,,
stage_1,0,Triarch Dominion,6C_3,elite,2,elite_triarch_t2,10,3,6C_3_wave_4,4,triarch_aether_archer,4,8,south,,,,,,,,
stage_1,0,Triarch Dominion,6C_3,elite,2,elite_triarch_t2,10,3,6C_3_wave_5,5,triarch_crusader_shieldbearer,3,0,north,,,,,,,,
stage_1,0,Triarch Dominion,6C_3,elite,2,elite_triarch_t2,10,3,6C_3_wave_5,5,triarch_lightning_sorcerer,3,4,center,,,,,,,,
stage_1,0,Triarch Dominion,6C_3,elite,2,elite_triarch_t2,10,3,6C_3_wave_5,5,triarch_firethrower_unit,3,8,south,,,,,,,,
stage_1,0,Triarch Dominion,7B_3,battle,2,battle_triarch_t1,10,3,7B_3_wave_1,1,triarch_dominion_footmen,4,0,north,,,,,,,,
stage_1,0,Triarch Dominion,7B_3,battle,2,battle_triarch_t1,10,3,7B_3_wave_1,1,triarch_dominion_gunner,2,5,center,,,,,,,,
stage_1,0,Triarch Dominion,7B_3,battle,2,battle_triarch_t1,10,3,7B_3_wave_2,2,triarch_zealot_duelist,4,0,north,,,,,,,,
stage_1,0,Triarch Dominion,7B_3,battle,2,battle_triarch_t1,10,3,7B_3_wave_2,2,triarch_aether_archer,3,4,center,,,,,,,,
stage_1,0,Triarch Dominion,7B_3,battle,2,battle_triarch_t1,10,3,7B_3_wave_3,3,triarch_dominion_footmen,4,0,north,,,,,,,,
stage_1,0,Triarch Dominion,7B_3,battle,2,battle_triarch_t1,10,3,7B_3_wave_3,3,triarch_rifleman_squad,3,4,center,,,,,,,,
stage_1,0,Triarch Dominion,7B_3,battle,2,battle_triarch_t1,10,3,7B_3_wave_3,3,triarch_mana_siphon_adept,2,7,south,,,,,,,,
stage_1,0,Triarch Dominion,8D_3,battle,3,battle_triarch_t2,11,4,8D_3_wave_1,1,triarch_crusader_shieldbearer,2,0,north,,,,,,,,
stage_1,0,Triarch Dominion,8D_3,battle,3,battle_triarch_t2,11,4,8D_3_wave_1,1,triarch_rifleman_squad,3,0,center,,,,,,,,
stage_1,0,Triarch Dominion,8D_3,battle,3,battle_triarch_t2,11,4,8D_3_wave_1,1,triarch_mana_siphon_adept,2,5,south,,,,,,,,
stage_1,0,Triarch Dominion,8D_3,battle,3,battle_triarch_t2,11,4,8D_3_wave_2,2,triarch_firethrower_unit,2,0,north,,,,,,,,
stage_1,0,Triarch Dominion,8D_3,battle,3,battle_triarch_t2,11,4,8D_3_wave_2,2,triarch_zealot_duelist,4,4,center,,,,,,,,
stage_1,0,Triarch Dominion,8D_3,battle,3,battle_triarch_t2,11,4,8D_3_wave_2,2,triarch_acolyte_healer,2,8,center,,,,,,,,
stage_1,0,Triarch Dominion,8D_3,battle,3,battle_triarch_t2,11,4,8D_3_wave_3,3,triarch_aether_golem,2,0,north,,,,,,,,
stage_1,0,Triarch Dominion,8D_3,battle,3,battle_triarch_t2,11,4,8D_3_wave_3,3,triarch_lightning_sorcerer,3,3,center,,,,,,,,
stage_1,0,Triarch Dominion,8D_3,battle,3,battle_triarch_t2,11,4,8D_3_wave_3,3,triarch_aether_archer,3,6,south,,,,,,,,
stage_1,0,Triarch Dominion,10B_3,elite,3,elite_triarch_t3,15,3,10B_3_wave_1,1,triarch_seraph_guardian,2,0,north,,,,,,,,
stage_1,0,Triarch Dominion,10B_3,elite,3,elite_triarch_t3,15,3,10B_3_wave_1,1,triarch_lightning_sorcerer,3,4,center,,,,,,,,
stage_1,0,Triarch Dominion,10B_3,elite,3,elite_triarch_t3,15,3,10B_3_wave_1,1,triarch_sniper_elite,3,8,south,,,,,,,,
stage_1,0,Triarch Dominion,10B_3,elite,3,elite_triarch_t3,15,3,10B_3_wave_2,2,triarch_heavy_siege_walker,1,0,north,,,,,,,,
stage_1,0,Triarch Dominion,10B_3,elite,3,elite_triarch_t3,15,3,10B_3_wave_2,2,triarch_crusader_shieldbearer,3,4,center,,,,,,,,
stage_1,0,Triarch Dominion,10B_3,elite,3,elite_triarch_t3,15,3,10B_3_wave_2,2,triarch_priestess_dawn,2,9,center,,,,,,,,
stage_1,0,Triarch Dominion,10B_3,elite,3,elite_triarch_t3,15,3,10B_3_wave_3,3,triarch_aether_golem,3,0,north,,,,,,,,
stage_1,0,Triarch Dominion,10B_3,elite,3,elite_triarch_t3,15,3,10B_3_wave_3,3,triarch_firethrower_unit,4,4,center,,,,,,,,
stage_1,0,Triarch Dominion,10B_3,elite,3,elite_triarch_t3,15,3,10B_3_wave_3,3,triarch_mana_siphon_adept,3,8,south,,,,,,,,
stage_1,0,Triarch Dominion,10B_3,elite,3,elite_triarch_t3,15,3,10B_3_wave_4,4,triarch_seraph_guardian,2,0,north,,,,,,,,
stage_1,0,Triarch Dominion,10B_3,elite,3,elite_triarch_t3,15,3,10B_3_wave_4,4,triarch_heavy_siege_walker,1,4,center,,,,,,,,
stage_1,0,Triarch Dominion,10B_3,elite,3,elite_triarch_t3,15,3,10B_3_wave_4,4,triarch_lightning_sorcerer,4,8,south,,,,,,,,
stage_1,0,Triarch Dominion,10B_3,elite,3,elite_triarch_t3,15,3,10B_3_wave_5,5,triarch_seraph_guardian,3,0,north,,,,,,,,
stage_1,0,Triarch Dominion,10B_3,elite,3,elite_triarch_t3,15,3,10B_3_wave_5,5,triarch_aether_golem,3,4,center,,,,,,,,
stage_1,0,Triarch Dominion,10B_3,elite,3,elite_triarch_t3,15,3,10B_3_wave_5,5,triarch_sniper_elite,4,8,south,,,,,,,,
stage_1,0,Triarch Dominion,11A_3,battle,3,battle_triarch_t3,15,3,11A_3_wave_1,1,triarch_crusader_shieldbearer,3,0,north,,,,,,,,
stage_1,0,Triarch Dominion,11A_3,battle,3,battle_triarch_t3,15,3,11A_3_wave_1,1,triarch_lightning_sorcerer,3,0,center,,,,,,,,
stage_1,0,Triarch Dominion,11A_3,battle,3,battle_triarch_t3,15,3,11A_3_wave_1,1,triarch_sniper_elite,3,5,south,,,,,,,,
stage_1,0,Triarch Dominion,11A_3,battle,3,battle_triarch_t3,15,3,11A_3_wave_2,2,triarch_aether_golem,3,0,north,,,,,,,,
stage_1,0,Triarch Dominion,11A_3,battle,3,battle_triarch_t3,15,3,11A_3_wave_2,2,triarch_firethrower_unit,3,4,center,,,,,,,,
stage_1,0,Triarch Dominion,11A_3,battle,3,battle_triarch_t3,15,3,11A_3_wave_2,2,triarch_priestess_dawn,2,9,center,,,,,,,,
stage_1,0,Triarch Dominion,11A_3,battle,3,battle_triarch_t3,15,3,11A_3_wave_3,3,triarch_seraph_guardian,2,0,north,,,,,,,,
stage_1,0,Triarch Dominion,11A_3,battle,3,battle_triarch_t3,15,3,11A_3_wave_3,3,triarch_rifleman_squad,4,4,center,,,,,,,,
stage_1,0,Triarch Dominion,11A_3,battle,3,battle_triarch_t3,15,3,11A_3_wave_3,3,triarch_mana_siphon_adept,3,8,south,,,,,,,,
stage_1,0,Triarch Dominion,11E_3,battle,3,battle_triarch_t3,15,3,11E_3_wave_1,1,triarch_crusader_shieldbearer,3,0,north,,,,,,,,
stage_1,0,Triarch Dominion,11E_3,battle,3,battle_triarch_t3,15,3,11E_3_wave_1,1,triarch_lightning_sorcerer,3,0,center,,,,,,,,
stage_1,0,Triarch Dominion,11E_3,battle,3,battle_triarch_t3,15,3,11E_3_wave_1,1,triarch_sniper_elite,3,5,south,,,,,,,,
stage_1,0,Triarch Dominion,11E_3,battle,3,battle_triarch_t3,15,3,11E_3_wave_2,2,triarch_aether_golem,3,0,north,,,,,,,,
stage_1,0,Triarch Dominion,11E_3,battle,3,battle_triarch_t3,15,3,11E_3_wave_2,2,triarch_firethrower_unit,3,4,center,,,,,,,,
stage_1,0,Triarch Dominion,11E_3,battle,3,battle_triarch_t3,15,3,11E_3_wave_2,2,triarch_priestess_dawn,2,9,center,,,,,,,,
stage_1,0,Triarch Dominion,11E_3,battle,3,battle_triarch_t3,15,3,11E_3_wave_3,3,triarch_seraph_guardian,2,0,north,,,,,,,,
stage_1,0,Triarch Dominion,11E_3,battle,3,battle_triarch_t3,15,3,11E_3_wave_3,3,triarch_rifleman_squad,4,4,center,,,,,,,,
stage_1,0,Triarch Dominion,11E_3,battle,3,battle_triarch_t3,15,3,11E_3_wave_3,3,triarch_mana_siphon_adept,3,8,south,,,,,,,,
stage_1,0,Triarch Dominion,12E_3,battle,3,battle_triarch_t3,17,3,12E_3_wave_1,1,triarch_crusader_shieldbearer,3,0,north,,,,,,,,
stage_1,0,Triarch Dominion,12E_3,battle,3,battle_triarch_t3,17,3,12E_3_wave_1,1,triarch_lightning_sorcerer,3,0,center,,,,,,,,
stage_1,0,Triarch Dominion,12E_3,battle,3,battle_triarch_t3,17,3,12E_3_wave_1,1,triarch_sniper_elite,3,5,south,,,,,,,,
stage_1,0,Triarch Dominion,12E_3,battle,3,battle_triarch_t3,17,3,12E_3_wave_2,2,triarch_aether_golem,3,0,north,,,,,,,,
stage_1,0,Triarch Dominion,12E_3,battle,3,battle_triarch_t3,17,3,12E_3_wave_2,2,triarch_firethrower_unit,3,4,center,,,,,,,,
stage_1,0,Triarch Dominion,12E_3,battle,3,battle_triarch_t3,17,3,12E_3_wave_2,2,triarch_priestess_dawn,2,9,center,,,,,,,,
stage_1,0,Triarch Dominion,12E_3,battle,3,battle_triarch_t3,17,3,12E_3_wave_3,3,triarch_seraph_guardian,2,0,north,,,,,,,,
stage_1,0,Triarch Dominion,12E_3,battle,3,battle_triarch_t3,17,3,12E_3_wave_3,3,triarch_rifleman_squad,4,4,center,,,,,,,,
stage_1,0,Triarch Dominion,12E_3,battle,3,battle_triarch_t3,17,3,12E_3_wave_3,3,triarch_mana_siphon_adept,3,8,south,,,,,,,,
stage_1,0,Triarch Dominion,13D_3,battle,3,battle_triarch_t3,18,3,13D_3_wave_1,1,triarch_crusader_shieldbearer,3,0,north,,,,,,,,
stage_1,0,Triarch Dominion,13D_3,battle,3,battle_triarch_t3,18,3,13D_3_wave_1,1,triarch_lightning_sorcerer,3,0,center,,,,,,,,
stage_1,0,Triarch Dominion,13D_3,battle,3,battle_triarch_t3,18,3,13D_3_wave_1,1,triarch_sniper_elite,3,5,south,,,,,,,,
stage_1,0,Triarch Dominion,13D_3,battle,3,battle_triarch_t3,18,3,13D_3_wave_2,2,triarch_aether_golem,3,0,north,,,,,,,,
stage_1,0,Triarch Dominion,13D_3,battle,3,battle_triarch_t3,18,3,13D_3_wave_2,2,triarch_firethrower_unit,3,4,center,,,,,,,,
stage_1,0,Triarch Dominion,13D_3,battle,3,battle_triarch_t3,18,3,13D_3_wave_2,2,triarch_priestess_dawn,2,9,center,,,,,,,,
stage_1,0,Triarch Dominion,13D_3,battle,3,battle_triarch_t3,18,3,13D_3_wave_3,3,triarch_seraph_guardian,2,0,north,,,,,,,,
stage_1,0,Triarch Dominion,13D_3,battle,3,battle_triarch_t3,18,3,13D_3_wave_3,3,triarch_rifleman_squad,4,4,center,,,,,,,,
stage_1,0,Triarch Dominion,13D_3,battle,3,battle_triarch_t3,18,3,13D_3_wave_3,3,triarch_mana_siphon_adept,3,8,south,,,,,,,,
stage_1,0,Triarch Dominion,14D_3,elite,3,elite_triarch_t3,20,3,14D_3_wave_1,1,triarch_seraph_guardian,2,0,north,,,,,,,,
stage_1,0,Triarch Dominion,14D_3,elite,3,elite_triarch_t3,20,3,14D_3_wave_1,1,triarch_lightning_sorcerer,3,4,center,,,,,,,,
stage_1,0,Triarch Dominion,14D_3,elite,3,elite_triarch_t3,20,3,14D_3_wave_1,1,triarch_sniper_elite,3,8,south,,,,,,,,
stage_1,0,Triarch Dominion,14D_3,elite,3,elite_triarch_t3,20,3,14D_3_wave_2,2,triarch_heavy_siege_walker,1,0,north,,,,,,,,
stage_1,0,Triarch Dominion,14D_3,elite,3,elite_triarch_t3,20,3,14D_3_wave_2,2,triarch_crusader_shieldbearer,3,4,center,,,,,,,,
stage_1,0,Triarch Dominion,14D_3,elite,3,elite_triarch_t3,20,3,14D_3_wave_2,2,triarch_priestess_dawn,2,9,center,,,,,,,,
stage_1,0,Triarch Dominion,14D_3,elite,3,elite_triarch_t3,20,3,14D_3_wave_3,3,triarch_aether_golem,3,0,north,,,,,,,,
stage_1,0,Triarch Dominion,14D_3,elite,3,elite_triarch_t3,20,3,14D_3_wave_3,3,triarch_firethrower_unit,4,4,center,,,,,,,,
stage_1,0,Triarch Dominion,14D_3,elite,3,elite_triarch_t3,20,3,14D_3_wave_3,3,triarch_mana_siphon_adept,3,8,south,,,,,,,,
stage_1,0,Triarch Dominion,14D_3,elite,3,elite_triarch_t3,20,3,14D_3_wave_4,4,triarch_seraph_guardian,2,0,north,,,,,,,,
stage_1,0,Triarch Dominion,14D_3,elite,3,elite_triarch_t3,20,3,14D_3_wave_4,4,triarch_heavy_siege_walker,1,4,center,,,,,,,,
stage_1,0,Triarch Dominion,14D_3,elite,3,elite_triarch_t3,20,3,14D_3_wave_4,4,triarch_lightning_sorcerer,4,8,south,,,,,,,,
stage_1,0,Triarch Dominion,14D_3,elite,3,elite_triarch_t3,20,3,14D_3_wave_5,5,triarch_seraph_guardian,3,0,north,,,,,,,,
stage_1,0,Triarch Dominion,14D_3,elite,3,elite_triarch_t3,20,3,14D_3_wave_5,5,triarch_aether_golem,3,4,center,,,,,,,,
stage_1,0,Triarch Dominion,14D_3,elite,3,elite_triarch_t3,20,3,14D_3_wave_5,5,triarch_sniper_elite,4,8,south,,,,,,,,
stage_1,0,Triarch Dominion,15A_3,boss,3,boss_triarch_bastion,25,3,15A_3_wave_1,1,triarch_crusader_shieldbearer,3,0,north,,,,,,,,
stage_1,0,Triarch Dominion,15A_3,boss,3,boss_triarch_bastion,25,3,15A_3_wave_1,1,triarch_rifleman_squad,4,4,center,,,,,,,,
stage_1,0,Triarch Dominion,15A_3,boss,3,boss_triarch_bastion,25,3,15A_3_wave_1,1,triarch_acolyte_healer,2,8,center,,,,,,,,
stage_1,0,Triarch Dominion,15A_3,boss,3,boss_triarch_bastion,25,3,15A_3_wave_2,2,triarch_aether_golem,3,0,north,,,,,,,,
stage_1,0,Triarch Dominion,15A_3,boss,3,boss_triarch_bastion,25,3,15A_3_wave_2,2,triarch_lightning_sorcerer,4,4,center,,,,,,,,
stage_1,0,Triarch Dominion,15A_3,boss,3,boss_triarch_bastion,25,3,15A_3_wave_2,2,triarch_sniper_elite,3,8,south,,,,,,,,
stage_1,0,Triarch Dominion,15A_3,boss,3,boss_triarch_bastion,25,3,15A_3_wave_3,3,triarch_seraph_guardian,2,0,north,,,,,,,,
stage_1,0,Triarch Dominion,15A_3,boss,3,boss_triarch_bastion,25,3,15A_3_wave_3,3,triarch_firethrower_unit,4,4,center,,,,,,,,
stage_1,0,Triarch Dominion,15A_3,boss,3,boss_triarch_bastion,25,3,15A_3_wave_3,3,triarch_priestess_dawn,2,10,center,,,,,,,,
stage_1,0,Triarch Dominion,15A_3,boss,3,boss_triarch_bastion,25,3,15A_3_wave_4,4,triarch_heavy_siege_walker,2,0,north,,,,,,,,
stage_1,0,Triarch Dominion,15A_3,boss,3,boss_triarch_bastion,25,3,15A_3_wave_4,4,triarch_crusader_shieldbearer,4,4,center,,,,,,,,
stage_1,0,Triarch Dominion,15A_3,boss,3,boss_triarch_bastion,25,3,15A_3_wave_4,4,triarch_mana_siphon_adept,4,8,south,,,,,,,,
stage_1,0,Triarch Dominion,15A_3,boss,3,boss_triarch_bastion,25,3,15A_3_wave_5,5,triarch_seraph_guardian,3,0,north,,,,,,,,
stage_1,0,Triarch Dominion,15A_3,boss,3,boss_triarch_bastion,25,3,15A_3_wave_5,5,triarch_aether_golem,3,4,center,,,,,,,,
stage_1,0,Triarch Dominion,15A_3,boss,3,boss_triarch_bastion,25,3,15A_3_wave_5,5,triarch_lightning_sorcerer,4,8,south,,,,,,,,
stage_1,0,Triarch Dominion,15A_3,boss,3,boss_triarch_bastion,25,3,15A_3_wave_5,5,triarch_priestess_dawn,2,12,center,,,,,,,,
stage_1,0,Triarch Dominion,15A_3,boss,3,boss_triarch_bastion,25,3,15A_3_wave_6,6,triarch_heavy_siege_walker,2,0,north,,,,,,,,
stage_1,0,Triarch Dominion,15A_3,boss,3,boss_triarch_bastion,25,3,15A_3_wave_6,6,triarch_seraph_guardian,3,3,center,,,,,,,,
stage_1,0,Triarch Dominion,15A_3,boss,3,boss_triarch_bastion,25,3,15A_3_wave_6,6,triarch_sniper_elite,5,8,south,,,,,,,,
stage_1,0,Triarch Dominion,15A_3,boss,3,boss_triarch_bastion,25,3,15A_3_wave_6,6,triarch_lightning_sorcerer,5,12,center,,,,,,,,
stage_1,0,Triarch Dominion,15E_3,boss,3,boss_triarch_bastion,25,3,15E_3_wave_1,1,triarch_crusader_shieldbearer,3,0,north,,,,,,,,
stage_1,0,Triarch Dominion,15E_3,boss,3,boss_triarch_bastion,25,3,15E_3_wave_1,1,triarch_rifleman_squad,4,4,center,,,,,,,,
stage_1,0,Triarch Dominion,15E_3,boss,3,boss_triarch_bastion,25,3,15E_3_wave_1,1,triarch_acolyte_healer,2,8,center,,,,,,,,
stage_1,0,Triarch Dominion,15E_3,boss,3,boss_triarch_bastion,25,3,15E_3_wave_2,2,triarch_aether_golem,3,0,north,,,,,,,,
stage_1,0,Triarch Dominion,15E_3,boss,3,boss_triarch_bastion,25,3,15E_3_wave_2,2,triarch_lightning_sorcerer,4,4,center,,,,,,,,
stage_1,0,Triarch Dominion,15E_3,boss,3,boss_triarch_bastion,25,3,15E_3_wave_2,2,triarch_sniper_elite,3,8,south,,,,,,,,
stage_1,0,Triarch Dominion,15E_3,boss,3,boss_triarch_bastion,25,3,15E_3_wave_3,3,triarch_seraph_guardian,2,0,north,,,,,,,,
stage_1,0,Triarch Dominion,15E_3,boss,3,boss_triarch_bastion,25,3,15E_3_wave_3,3,triarch_firethrower_unit,4,4,center,,,,,,,,
stage_1,0,Triarch Dominion,15E_3,boss,3,boss_triarch_bastion,25,3,15E_3_wave_3,3,triarch_priestess_dawn,2,10,center,,,,,,,,
stage_1,0,Triarch Dominion,15E_3,boss,3,boss_triarch_bastion,25,3,15E_3_wave_4,4,triarch_heavy_siege_walker,2,0,north,,,,,,,,
stage_1,0,Triarch Dominion,15E_3,boss,3,boss_triarch_bastion,25,3,15E_3_wave_4,4,triarch_crusader_shieldbearer,4,4,center,,,,,,,,
stage_1,0,Triarch Dominion,15E_3,boss,3,boss_triarch_bastion,25,3,15E_3_wave_4,4,triarch_mana_siphon_adept,4,8,south,,,,,,,,
stage_1,0,Triarch Dominion,15E_3,boss,3,boss_triarch_bastion,25,3,15E_3_wave_5,5,triarch_seraph_guardian,3,0,north,,,,,,,,
stage_1,0,Triarch Dominion,15E_3,boss,3,boss_triarch_bastion,25,3,15E_3_wave_5,5,triarch_aether_golem,3,4,center,,,,,,,,
stage_1,0,Triarch Dominion,15E_3,boss,3,boss_triarch_bastion,25,3,15E_3_wave_5,5,triarch_lightning_sorcerer,4,8,south,,,,,,,,
stage_1,0,Triarch Dominion,15E_3,boss,3,boss_triarch_bastion,25,3,15E_3_wave_5,5,triarch_priestess_dawn,2,12,center,,,,,,,,
stage_1,0,Triarch Dominion,15E_3,boss,3,boss_triarch_bastion,25,3,15E_3_wave_6,6,triarch_heavy_siege_walker,2,0,north,,,,,,,,
stage_1,0,Triarch Dominion,15E_3,boss,3,boss_triarch_bastion,25,3,15E_3_wave_6,6,triarch_seraph_guardian,3,3,center,,,,,,,,
stage_1,0,Triarch Dominion,15E_3,boss,3,boss_triarch_bastion,25,3,15E_3_wave_6,6,triarch_sniper_elite,5,8,south,,,,,,,,
stage_1,0,Triarch Dominion,15E_3,boss,3,boss_triarch_bastion,25,3,15E_3_wave_6,6,triarch_lightning_sorcerer,5,12,center,,,,,,,,
stage_4,3,Elf Covenant,1C_4,battle,1,battle_elf_t1,61,1,1C_4_wave_1,1,elf_elven_scout,3,0,north,,,,,,,,
stage_4,3,Elf Covenant,1C_4,battle,1,battle_elf_t1,61,1,1C_4_wave_1,1,elf_elven_bowmen,2,5,center,,,,,,,,
stage_4,3,Elf Covenant,1C_4,battle,1,battle_elf_t1,61,1,1C_4_wave_2,2,elf_root_kin_swarm,3,0,north,,,,,,,,
stage_4,3,Elf Covenant,1C_4,battle,1,battle_elf_t1,61,1,1C_4_wave_2,2,elf_spore_wing_scout,2,4,center,,,,,,,,
stage_4,3,Elf Covenant,1C_4,battle,1,battle_elf_t1,61,1,1C_4_wave_3,3,elf_verdant_legionary,2,0,north,,,,,,,,
stage_4,3,Elf Covenant,1C_4,battle,1,battle_elf_t1,61,1,1C_4_wave_3,3,elf_bloom_thrower,3,4,center,,,,,,,,
stage_4,3,Elf Covenant,1C_4,battle,1,battle_elf_t1,61,1,1C_4_wave_3,3,elf_grove_petitioner,1,8,center,,,,,,,,
stage_4,3,Elf Covenant,2D_4,battle,1,battle_elf_t2,63,2,2D_4_wave_1,1,elf_verdant_legionary,2,0,north,,,,,,,,
stage_4,3,Elf Covenant,2D_4,battle,1,battle_elf_t2,63,2,2D_4_wave_1,1,elf_bloom_thrower,3,4,center,,,,,,,,
stage_4,3,Elf Covenant,2D_4,battle,1,battle_elf_t2,63,2,2D_4_wave_1,1,elf_spore_wing_scout,3,7,south,,,,,,,,
stage_4,3,Elf Covenant,2D_4,battle,1,battle_elf_t2,63,2,2D_4_wave_2,2,elf_pollen_burster,3,0,north,,,,,,,,
stage_4,3,Elf Covenant,2D_4,battle,1,battle_elf_t2,63,2,2D_4_wave_2,2,elf_seed_pod_artillery,2,4,center,,,,,,,,
stage_4,3,Elf Covenant,2D_4,battle,1,battle_elf_t2,63,2,2D_4_wave_2,2,elf_grove_petitioner,1,9,center,,,,,,,,
stage_4,3,Elf Covenant,2D_4,battle,1,battle_elf_t2,63,2,2D_4_wave_3,3,elf_champion_glade,2,0,north,,,,,,,,
stage_4,3,Elf Covenant,2D_4,battle,1,battle_elf_t2,63,2,2D_4_wave_3,3,elf_emerald_dragonling,3,4,center,,,,,,,,
stage_4,3,Elf Covenant,2D_4,battle,1,battle_elf_t2,63,2,2D_4_wave_3,3,elf_ethereal_weaver,2,8,south,,,,,,,,
stage_4,3,Elf Covenant,3D_4,elite,1,elite_elf_t2,66,2,3D_4_wave_1,1,elf_champion_glade,2,0,north,,,,,,,,
stage_4,3,Elf Covenant,3D_4,elite,1,elite_elf_t2,66,2,3D_4_wave_1,1,elf_seed_pod_artillery,2,4,center,,,,,,,,
stage_4,3,Elf Covenant,3D_4,elite,1,elite_elf_t2,66,2,3D_4_wave_1,1,elf_grove_petitioner,2,9,center,,,,,,,,
stage_4,3,Elf Covenant,3D_4,elite,1,elite_elf_t2,66,2,3D_4_wave_2,2,elf_emerald_vanguard,2,0,north,,,,,,,,
stage_4,3,Elf Covenant,3D_4,elite,1,elite_elf_t2,66,2,3D_4_wave_2,2,elf_bloom_thrower,4,4,center,,,,,,,,
stage_4,3,Elf Covenant,3D_4,elite,1,elite_elf_t2,66,2,3D_4_wave_2,2,elf_ethereal_weaver,2,8,south,,,,,,,,
stage_4,3,Elf Covenant,3D_4,elite,1,elite_elf_t2,66,2,3D_4_wave_3,3,elf_hallow_tree_paladin,2,0,north,,,,,,,,
stage_4,3,Elf Covenant,3D_4,elite,1,elite_elf_t2,66,2,3D_4_wave_3,3,elf_emerald_dragonling,3,4,center,,,,,,,,
stage_4,3,Elf Covenant,3D_4,elite,1,elite_elf_t2,66,2,3D_4_wave_3,3,elf_oracle,2,9,center,,,,,,,,
stage_4,3,Elf Covenant,3D_4,elite,1,elite_elf_t2,66,2,3D_4_wave_4,4,elf_emerald_justiciar,2,0,north,,,,,,,,
stage_4,3,Elf Covenant,3D_4,elite,1,elite_elf_t2,66,2,3D_4_wave_4,4,elf_pollen_burster,3,4,center,,,,,,,,
stage_4,3,Elf Covenant,3D_4,elite,1,elite_elf_t2,66,2,3D_4_wave_4,4,elf_vitality_bonder,2,9,center,,,,,,,,
stage_4,3,Elf Covenant,3D_4,elite,1,elite_elf_t2,66,2,3D_4_wave_5,5,elf_emerald_vanguard,3,0,north,,,,,,,,
stage_4,3,Elf Covenant,3D_4,elite,1,elite_elf_t2,66,2,3D_4_wave_5,5,elf_seed_pod_artillery,3,4,center,,,,,,,,
stage_4,3,Elf Covenant,3D_4,elite,1,elite_elf_t2,66,2,3D_4_wave_5,5,elf_soul_light_butterfly,2,9,center,,,,,,,,
stage_4,3,Elf Covenant,4D_4,battle,2,battle_elf_t2,66,3,4D_4_wave_1,1,elf_verdant_legionary,2,0,north,,,,,,,,
stage_4,3,Elf Covenant,4D_4,battle,2,battle_elf_t2,66,3,4D_4_wave_1,1,elf_bloom_thrower,3,4,center,,,,,,,,
stage_4,3,Elf Covenant,4D_4,battle,2,battle_elf_t2,66,3,4D_4_wave_1,1,elf_spore_wing_scout,3,7,south,,,,,,,,
stage_4,3,Elf Covenant,4D_4,battle,2,battle_elf_t2,66,3,4D_4_wave_2,2,elf_pollen_burster,3,0,north,,,,,,,,
stage_4,3,Elf Covenant,4D_4,battle,2,battle_elf_t2,66,3,4D_4_wave_2,2,elf_seed_pod_artillery,2,4,center,,,,,,,,
stage_4,3,Elf Covenant,4D_4,battle,2,battle_elf_t2,66,3,4D_4_wave_2,2,elf_grove_petitioner,1,9,center,,,,,,,,
stage_4,3,Elf Covenant,4D_4,battle,2,battle_elf_t2,66,3,4D_4_wave_3,3,elf_champion_glade,2,0,north,,,,,,,,
stage_4,3,Elf Covenant,4D_4,battle,2,battle_elf_t2,66,3,4D_4_wave_3,3,elf_emerald_dragonling,3,4,center,,,,,,,,
stage_4,3,Elf Covenant,4D_4,battle,2,battle_elf_t2,66,3,4D_4_wave_3,3,elf_ethereal_weaver,2,8,south,,,,,,,,
stage_4,3,Elf Covenant,6C_4,elite,2,elite_elf_t2,70,3,6C_4_wave_1,1,elf_champion_glade,2,0,north,,,,,,,,
stage_4,3,Elf Covenant,6C_4,elite,2,elite_elf_t2,70,3,6C_4_wave_1,1,elf_seed_pod_artillery,2,4,center,,,,,,,,
stage_4,3,Elf Covenant,6C_4,elite,2,elite_elf_t2,70,3,6C_4_wave_1,1,elf_grove_petitioner,2,9,center,,,,,,,,
stage_4,3,Elf Covenant,6C_4,elite,2,elite_elf_t2,70,3,6C_4_wave_2,2,elf_emerald_vanguard,2,0,north,,,,,,,,
stage_4,3,Elf Covenant,6C_4,elite,2,elite_elf_t2,70,3,6C_4_wave_2,2,elf_bloom_thrower,4,4,center,,,,,,,,
stage_4,3,Elf Covenant,6C_4,elite,2,elite_elf_t2,70,3,6C_4_wave_2,2,elf_ethereal_weaver,2,8,south,,,,,,,,
stage_4,3,Elf Covenant,6C_4,elite,2,elite_elf_t2,70,3,6C_4_wave_3,3,elf_hallow_tree_paladin,2,0,north,,,,,,,,
stage_4,3,Elf Covenant,6C_4,elite,2,elite_elf_t2,70,3,6C_4_wave_3,3,elf_emerald_dragonling,3,4,center,,,,,,,,
stage_4,3,Elf Covenant,6C_4,elite,2,elite_elf_t2,70,3,6C_4_wave_3,3,elf_oracle,2,9,center,,,,,,,,
stage_4,3,Elf Covenant,6C_4,elite,2,elite_elf_t2,70,3,6C_4_wave_4,4,elf_emerald_justiciar,2,0,north,,,,,,,,
stage_4,3,Elf Covenant,6C_4,elite,2,elite_elf_t2,70,3,6C_4_wave_4,4,elf_pollen_burster,3,4,center,,,,,,,,
stage_4,3,Elf Covenant,6C_4,elite,2,elite_elf_t2,70,3,6C_4_wave_4,4,elf_vitality_bonder,2,9,center,,,,,,,,
stage_4,3,Elf Covenant,6C_4,elite,2,elite_elf_t2,70,3,6C_4_wave_5,5,elf_emerald_vanguard,3,0,north,,,,,,,,
stage_4,3,Elf Covenant,6C_4,elite,2,elite_elf_t2,70,3,6C_4_wave_5,5,elf_seed_pod_artillery,3,4,center,,,,,,,,
stage_4,3,Elf Covenant,6C_4,elite,2,elite_elf_t2,70,3,6C_4_wave_5,5,elf_soul_light_butterfly,2,9,center,,,,,,,,
stage_4,3,Elf Covenant,7B_4,battle,2,battle_elf_t1,70,3,7B_4_wave_1,1,elf_elven_scout,3,0,north,,,,,,,,
stage_4,3,Elf Covenant,7B_4,battle,2,battle_elf_t1,70,3,7B_4_wave_1,1,elf_elven_bowmen,2,5,center,,,,,,,,
stage_4,3,Elf Covenant,7B_4,battle,2,battle_elf_t1,70,3,7B_4_wave_2,2,elf_root_kin_swarm,3,0,north,,,,,,,,
stage_4,3,Elf Covenant,7B_4,battle,2,battle_elf_t1,70,3,7B_4_wave_2,2,elf_spore_wing_scout,2,4,center,,,,,,,,
stage_4,3,Elf Covenant,7B_4,battle,2,battle_elf_t1,70,3,7B_4_wave_3,3,elf_verdant_legionary,2,0,north,,,,,,,,
stage_4,3,Elf Covenant,7B_4,battle,2,battle_elf_t1,70,3,7B_4_wave_3,3,elf_bloom_thrower,3,4,center,,,,,,,,
stage_4,3,Elf Covenant,7B_4,battle,2,battle_elf_t1,70,3,7B_4_wave_3,3,elf_grove_petitioner,1,8,center,,,,,,,,
stage_4,3,Elf Covenant,8D_4,battle,3,battle_elf_t2,71,4,8D_4_wave_1,1,elf_verdant_legionary,2,0,north,,,,,,,,
stage_4,3,Elf Covenant,8D_4,battle,3,battle_elf_t2,71,4,8D_4_wave_1,1,elf_bloom_thrower,3,4,center,,,,,,,,
stage_4,3,Elf Covenant,8D_4,battle,3,battle_elf_t2,71,4,8D_4_wave_1,1,elf_spore_wing_scout,3,7,south,,,,,,,,
stage_4,3,Elf Covenant,8D_4,battle,3,battle_elf_t2,71,4,8D_4_wave_2,2,elf_pollen_burster,3,0,north,,,,,,,,
stage_4,3,Elf Covenant,8D_4,battle,3,battle_elf_t2,71,4,8D_4_wave_2,2,elf_seed_pod_artillery,2,4,center,,,,,,,,
stage_4,3,Elf Covenant,8D_4,battle,3,battle_elf_t2,71,4,8D_4_wave_2,2,elf_grove_petitioner,1,9,center,,,,,,,,
stage_4,3,Elf Covenant,8D_4,battle,3,battle_elf_t2,71,4,8D_4_wave_3,3,elf_champion_glade,2,0,north,,,,,,,,
stage_4,3,Elf Covenant,8D_4,battle,3,battle_elf_t2,71,4,8D_4_wave_3,3,elf_emerald_dragonling,3,4,center,,,,,,,,
stage_4,3,Elf Covenant,8D_4,battle,3,battle_elf_t2,71,4,8D_4_wave_3,3,elf_ethereal_weaver,2,8,south,,,,,,,,
stage_4,3,Elf Covenant,10B_4,elite,3,elite_elf_t3,75,3,10B_4_wave_1,1,elf_hallow_tree_paladin,2,0,north,,,,,,,,
stage_4,3,Elf Covenant,10B_4,elite,3,elite_elf_t3,75,3,10B_4_wave_1,1,elf_emerald_dragonling,3,4,center,,,,,,,,
stage_4,3,Elf Covenant,10B_4,elite,3,elite_elf_t3,75,3,10B_4_wave_1,1,elf_oracle,2,9,center,,,,,,,,
stage_4,3,Elf Covenant,10B_4,elite,3,elite_elf_t3,75,3,10B_4_wave_2,2,elf_guardian_world_tree,1,0,north,,,,,,,,
stage_4,3,Elf Covenant,10B_4,elite,3,elite_elf_t3,75,3,10B_4_wave_2,2,elf_emerald_justiciar,2,4,center,,,,,,,,
stage_4,3,Elf Covenant,10B_4,elite,3,elite_elf_t3,75,3,10B_4_wave_2,2,elf_ethereal_weaver,2,8,south,,,,,,,,
stage_4,3,Elf Covenant,10B_4,elite,3,elite_elf_t3,75,3,10B_4_wave_3,3,elf_hallow_tree_paladin,2,0,north,,,,,,,,
stage_4,3,Elf Covenant,10B_4,elite,3,elite_elf_t3,75,3,10B_4_wave_3,3,elf_seed_pod_artillery,3,4,center,,,,,,,,
stage_4,3,Elf Covenant,10B_4,elite,3,elite_elf_t3,75,3,10B_4_wave_3,3,elf_vitality_bonder,2,9,center,,,,,,,,
stage_4,3,Elf Covenant,10B_4,elite,3,elite_elf_t3,75,3,10B_4_wave_4,4,elf_emerald_justiciar,3,0,north,,,,,,,,
stage_4,3,Elf Covenant,10B_4,elite,3,elite_elf_t3,75,3,10B_4_wave_4,4,elf_emerald_vanguard,3,4,center,,,,,,,,
stage_4,3,Elf Covenant,10B_4,elite,3,elite_elf_t3,75,3,10B_4_wave_4,4,elf_oracle,2,9,center,,,,,,,,
stage_4,3,Elf Covenant,10B_4,elite,3,elite_elf_t3,75,3,10B_4_wave_5,5,elf_guardian_world_tree,1,0,north,,,,,,,,
stage_4,3,Elf Covenant,10B_4,elite,3,elite_elf_t3,75,3,10B_4_wave_5,5,elf_hallow_tree_paladin,3,4,center,,,,,,,,
stage_4,3,Elf Covenant,10B_4,elite,3,elite_elf_t3,75,3,10B_4_wave_5,5,elf_emerald_dragonling,4,8,south,,,,,,,,
stage_4,3,Elf Covenant,11A_4,battle,3,battle_elf_t3,75,3,11A_4_wave_1,1,elf_emerald_vanguard,3,0,north,,,,,,,,
stage_4,3,Elf Covenant,11A_4,battle,3,battle_elf_t3,75,3,11A_4_wave_1,1,elf_emerald_dragonling,3,4,center,,,,,,,,
stage_4,3,Elf Covenant,11A_4,battle,3,battle_elf_t3,75,3,11A_4_wave_1,1,elf_vitality_bonder,2,9,center,,,,,,,,
stage_4,3,Elf Covenant,11A_4,battle,3,battle_elf_t3,75,3,11A_4_wave_2,2,elf_hallow_tree_paladin,2,0,north,,,,,,,,
stage_4,3,Elf Covenant,11A_4,battle,3,battle_elf_t3,75,3,11A_4_wave_2,2,elf_seed_pod_artillery,3,4,center,,,,,,,,
stage_4,3,Elf Covenant,11A_4,battle,3,battle_elf_t3,75,3,11A_4_wave_2,2,elf_oracle,2,9,center,,,,,,,,
stage_4,3,Elf Covenant,11A_4,battle,3,battle_elf_t3,75,3,11A_4_wave_3,3,elf_emerald_justiciar,2,0,north,,,,,,,,
stage_4,3,Elf Covenant,11A_4,battle,3,battle_elf_t3,75,3,11A_4_wave_3,3,elf_champion_glade,3,4,center,,,,,,,,
stage_4,3,Elf Covenant,11A_4,battle,3,battle_elf_t3,75,3,11A_4_wave_3,3,elf_ethereal_weaver,2,8,south,,,,,,,,
stage_4,3,Elf Covenant,11E_4,battle,3,battle_elf_t3,75,3,11E_4_wave_1,1,elf_emerald_vanguard,3,0,north,,,,,,,,
stage_4,3,Elf Covenant,11E_4,battle,3,battle_elf_t3,75,3,11E_4_wave_1,1,elf_emerald_dragonling,3,4,center,,,,,,,,
stage_4,3,Elf Covenant,11E_4,battle,3,battle_elf_t3,75,3,11E_4_wave_1,1,elf_vitality_bonder,2,9,center,,,,,,,,
stage_4,3,Elf Covenant,11E_4,battle,3,battle_elf_t3,75,3,11E_4_wave_2,2,elf_hallow_tree_paladin,2,0,north,,,,,,,,
stage_4,3,Elf Covenant,11E_4,battle,3,battle_elf_t3,75,3,11E_4_wave_2,2,elf_seed_pod_artillery,3,4,center,,,,,,,,
stage_4,3,Elf Covenant,11E_4,battle,3,battle_elf_t3,75,3,11E_4_wave_2,2,elf_oracle,2,9,center,,,,,,,,
stage_4,3,Elf Covenant,11E_4,battle,3,battle_elf_t3,75,3,11E_4_wave_3,3,elf_emerald_justiciar,2,0,north,,,,,,,,
stage_4,3,Elf Covenant,11E_4,battle,3,battle_elf_t3,75,3,11E_4_wave_3,3,elf_champion_glade,3,4,center,,,,,,,,
stage_4,3,Elf Covenant,11E_4,battle,3,battle_elf_t3,75,3,11E_4_wave_3,3,elf_ethereal_weaver,2,8,south,,,,,,,,
stage_4,3,Elf Covenant,12E_4,battle,3,battle_elf_t3,77,3,12E_4_wave_1,1,elf_emerald_vanguard,3,0,north,,,,,,,,
stage_4,3,Elf Covenant,12E_4,battle,3,battle_elf_t3,77,3,12E_4_wave_1,1,elf_emerald_dragonling,3,4,center,,,,,,,,
stage_4,3,Elf Covenant,12E_4,battle,3,battle_elf_t3,77,3,12E_4_wave_1,1,elf_vitality_bonder,2,9,center,,,,,,,,
stage_4,3,Elf Covenant,12E_4,battle,3,battle_elf_t3,77,3,12E_4_wave_2,2,elf_hallow_tree_paladin,2,0,north,,,,,,,,
stage_4,3,Elf Covenant,12E_4,battle,3,battle_elf_t3,77,3,12E_4_wave_2,2,elf_seed_pod_artillery,3,4,center,,,,,,,,
stage_4,3,Elf Covenant,12E_4,battle,3,battle_elf_t3,77,3,12E_4_wave_2,2,elf_oracle,2,9,center,,,,,,,,
stage_4,3,Elf Covenant,12E_4,battle,3,battle_elf_t3,77,3,12E_4_wave_3,3,elf_emerald_justiciar,2,0,north,,,,,,,,
stage_4,3,Elf Covenant,12E_4,battle,3,battle_elf_t3,77,3,12E_4_wave_3,3,elf_champion_glade,3,4,center,,,,,,,,
stage_4,3,Elf Covenant,12E_4,battle,3,battle_elf_t3,77,3,12E_4_wave_3,3,elf_ethereal_weaver,2,8,south,,,,,,,,
stage_4,3,Elf Covenant,13D_4,battle,3,battle_elf_t3,78,3,13D_4_wave_1,1,elf_emerald_vanguard,3,0,north,,,,,,,,
stage_4,3,Elf Covenant,13D_4,battle,3,battle_elf_t3,78,3,13D_4_wave_1,1,elf_emerald_dragonling,3,4,center,,,,,,,,
stage_4,3,Elf Covenant,13D_4,battle,3,battle_elf_t3,78,3,13D_4_wave_1,1,elf_vitality_bonder,2,9,center,,,,,,,,
stage_4,3,Elf Covenant,13D_4,battle,3,battle_elf_t3,78,3,13D_4_wave_2,2,elf_hallow_tree_paladin,2,0,north,,,,,,,,
stage_4,3,Elf Covenant,13D_4,battle,3,battle_elf_t3,78,3,13D_4_wave_2,2,elf_seed_pod_artillery,3,4,center,,,,,,,,
stage_4,3,Elf Covenant,13D_4,battle,3,battle_elf_t3,78,3,13D_4_wave_2,2,elf_oracle,2,9,center,,,,,,,,
stage_4,3,Elf Covenant,13D_4,battle,3,battle_elf_t3,78,3,13D_4_wave_3,3,elf_emerald_justiciar,2,0,north,,,,,,,,
stage_4,3,Elf Covenant,13D_4,battle,3,battle_elf_t3,78,3,13D_4_wave_3,3,elf_champion_glade,3,4,center,,,,,,,,
stage_4,3,Elf Covenant,13D_4,battle,3,battle_elf_t3,78,3,13D_4_wave_3,3,elf_ethereal_weaver,2,8,south,,,,,,,,
stage_4,3,Elf Covenant,14D_4,elite,3,elite_elf_t3,80,3,14D_4_wave_1,1,elf_hallow_tree_paladin,2,0,north,,,,,,,,
stage_4,3,Elf Covenant,14D_4,elite,3,elite_elf_t3,80,3,14D_4_wave_1,1,elf_emerald_dragonling,3,4,center,,,,,,,,
stage_4,3,Elf Covenant,14D_4,elite,3,elite_elf_t3,80,3,14D_4_wave_1,1,elf_oracle,2,9,center,,,,,,,,
stage_4,3,Elf Covenant,14D_4,elite,3,elite_elf_t3,80,3,14D_4_wave_2,2,elf_guardian_world_tree,1,0,north,,,,,,,,
stage_4,3,Elf Covenant,14D_4,elite,3,elite_elf_t3,80,3,14D_4_wave_2,2,elf_emerald_justiciar,2,4,center,,,,,,,,
stage_4,3,Elf Covenant,14D_4,elite,3,elite_elf_t3,80,3,14D_4_wave_2,2,elf_ethereal_weaver,2,8,south,,,,,,,,
stage_4,3,Elf Covenant,14D_4,elite,3,elite_elf_t3,80,3,14D_4_wave_3,3,elf_hallow_tree_paladin,2,0,north,,,,,,,,
stage_4,3,Elf Covenant,14D_4,elite,3,elite_elf_t3,80,3,14D_4_wave_3,3,elf_seed_pod_artillery,3,4,center,,,,,,,,
stage_4,3,Elf Covenant,14D_4,elite,3,elite_elf_t3,80,3,14D_4_wave_3,3,elf_vitality_bonder,2,9,center,,,,,,,,
stage_4,3,Elf Covenant,14D_4,elite,3,elite_elf_t3,80,3,14D_4_wave_4,4,elf_emerald_justiciar,3,0,north,,,,,,,,
stage_4,3,Elf Covenant,14D_4,elite,3,elite_elf_t3,80,3,14D_4_wave_4,4,elf_emerald_vanguard,3,4,center,,,,,,,,
stage_4,3,Elf Covenant,14D_4,elite,3,elite_elf_t3,80,3,14D_4_wave_4,4,elf_oracle,2,9,center,,,,,,,,
stage_4,3,Elf Covenant,14D_4,elite,3,elite_elf_t3,80,3,14D_4_wave_5,5,elf_guardian_world_tree,1,0,north,,,,,,,,
stage_4,3,Elf Covenant,14D_4,elite,3,elite_elf_t3,80,3,14D_4_wave_5,5,elf_hallow_tree_paladin,3,4,center,,,,,,,,
stage_4,3,Elf Covenant,14D_4,elite,3,elite_elf_t3,80,3,14D_4_wave_5,5,elf_emerald_dragonling,4,8,south,,,,,,,,
stage_4,3,Elf Covenant,15A_4,boss,3,boss_elf_grove,85,3,15A_4_wave_1,1,elf_emerald_vanguard,3,0,north,,,,,,,,
stage_4,3,Elf Covenant,15A_4,boss,3,boss_elf_grove,85,3,15A_4_wave_1,1,elf_seed_pod_artillery,3,4,center,,,,,,,,
stage_4,3,Elf Covenant,15A_4,boss,3,boss_elf_grove,85,3,15A_4_wave_1,1,elf_oracle,2,9,center,,,,,,,,
stage_4,3,Elf Covenant,15A_4,boss,3,boss_elf_grove,85,3,15A_4_wave_2,2,elf_hallow_tree_paladin,2,0,north,,,,,,,,
stage_4,3,Elf Covenant,15A_4,boss,3,boss_elf_grove,85,3,15A_4_wave_2,2,elf_emerald_dragonling,4,4,center,,,,,,,,
stage_4,3,Elf Covenant,15A_4,boss,3,boss_elf_grove,85,3,15A_4_wave_2,2,elf_vitality_bonder,2,9,center,,,,,,,,
stage_4,3,Elf Covenant,15A_4,boss,3,boss_elf_grove,85,3,15A_4_wave_3,3,elf_guardian_world_tree,1,0,north,,,,,,,,
stage_4,3,Elf Covenant,15A_4,boss,3,boss_elf_grove,85,3,15A_4_wave_3,3,elf_champion_glade,3,4,center,,,,,,,,
stage_4,3,Elf Covenant,15A_4,boss,3,boss_elf_grove,85,3,15A_4_wave_3,3,elf_ethereal_weaver,3,8,south,,,,,,,,
stage_4,3,Elf Covenant,15A_4,boss,3,boss_elf_grove,85,3,15A_4_wave_4,4,elf_emerald_justiciar,3,0,north,,,,,,,,
stage_4,3,Elf Covenant,15A_4,boss,3,boss_elf_grove,85,3,15A_4_wave_4,4,elf_hallow_tree_paladin,3,4,center,,,,,,,,
stage_4,3,Elf Covenant,15A_4,boss,3,boss_elf_grove,85,3,15A_4_wave_4,4,elf_oracle,2,9,center,,,,,,,,
stage_4,3,Elf Covenant,15A_4,boss,3,boss_elf_grove,85,3,15A_4_wave_5,5,elf_guardian_world_tree,1,0,north,,,,,,,,
stage_4,3,Elf Covenant,15A_4,boss,3,boss_elf_grove,85,3,15A_4_wave_5,5,elf_emerald_vanguard,3,4,center,,,,,,,,
stage_4,3,Elf Covenant,15A_4,boss,3,boss_elf_grove,85,3,15A_4_wave_5,5,elf_vitality_bonder,3,9,center,,,,,,,,
stage_4,3,Elf Covenant,15A_4,boss,3,boss_elf_grove,85,3,15A_4_wave_6,6,elf_guardian_world_tree,2,0,north,,,,,,,,
stage_4,3,Elf Covenant,15A_4,boss,3,boss_elf_grove,85,3,15A_4_wave_6,6,elf_hallow_tree_paladin,3,4,center,,,,,,,,
stage_4,3,Elf Covenant,15A_4,boss,3,boss_elf_grove,85,3,15A_4_wave_6,6,elf_emerald_justiciar,3,8,south,,,,,,,,
stage_4,3,Elf Covenant,15A_4,boss,3,boss_elf_grove,85,3,15A_4_wave_6,6,elf_oracle,3,12,center,,,,,,,,
stage_4,3,Elf Covenant,15E_4,boss,3,boss_elf_grove,85,3,15E_4_wave_1,1,elf_emerald_vanguard,3,0,north,,,,,,,,
stage_4,3,Elf Covenant,15E_4,boss,3,boss_elf_grove,85,3,15E_4_wave_1,1,elf_seed_pod_artillery,3,4,center,,,,,,,,
stage_4,3,Elf Covenant,15E_4,boss,3,boss_elf_grove,85,3,15E_4_wave_1,1,elf_oracle,2,9,center,,,,,,,,
stage_4,3,Elf Covenant,15E_4,boss,3,boss_elf_grove,85,3,15E_4_wave_2,2,elf_hallow_tree_paladin,2,0,north,,,,,,,,
stage_4,3,Elf Covenant,15E_4,boss,3,boss_elf_grove,85,3,15E_4_wave_2,2,elf_emerald_dragonling,4,4,center,,,,,,,,
stage_4,3,Elf Covenant,15E_4,boss,3,boss_elf_grove,85,3,15E_4_wave_2,2,elf_vitality_bonder,2,9,center,,,,,,,,
stage_4,3,Elf Covenant,15E_4,boss,3,boss_elf_grove,85,3,15E_4_wave_3,3,elf_guardian_world_tree,1,0,north,,,,,,,,
stage_4,3,Elf Covenant,15E_4,boss,3,boss_elf_grove,85,3,15E_4_wave_3,3,elf_champion_glade,3,4,center,,,,,,,,
stage_4,3,Elf Covenant,15E_4,boss,3,boss_elf_grove,85,3,15E_4_wave_3,3,elf_ethereal_weaver,3,8,south,,,,,,,,
stage_4,3,Elf Covenant,15E_4,boss,3,boss_elf_grove,85,3,15E_4_wave_4,4,elf_emerald_justiciar,3,0,north,,,,,,,,
stage_4,3,Elf Covenant,15E_4,boss,3,boss_elf_grove,85,3,15E_4_wave_4,4,elf_hallow_tree_paladin,3,4,center,,,,,,,,
stage_4,3,Elf Covenant,15E_4,boss,3,boss_elf_grove,85,3,15E_4_wave_4,4,elf_oracle,2,9,center,,,,,,,,
stage_4,3,Elf Covenant,15E_4,boss,3,boss_elf_grove,85,3,15E_4_wave_5,5,elf_guardian_world_tree,1,0,north,,,,,,,,
stage_4,3,Elf Covenant,15E_4,boss,3,boss_elf_grove,85,3,15E_4_wave_5,5,elf_emerald_vanguard,3,4,center,,,,,,,,
stage_4,3,Elf Covenant,15E_4,boss,3,boss_elf_grove,85,3,15E_4_wave_5,5,elf_vitality_bonder,3,9,center,,,,,,,,
stage_4,3,Elf Covenant,15E_4,boss,3,boss_elf_grove,85,3,15E_4_wave_6,6,elf_guardian_world_tree,2,0,north,,,,,,,,
stage_4,3,Elf Covenant,15E_4,boss,3,boss_elf_grove,85,3,15E_4_wave_6,6,elf_hallow_tree_paladin,3,4,center,,,,,,,,
stage_4,3,Elf Covenant,15E_4,boss,3,boss_elf_grove,85,3,15E_4_wave_6,6,elf_emerald_justiciar,3,8,south,,,,,,,,
stage_4,3,Elf Covenant,15E_4,boss,3,boss_elf_grove,85,3,15E_4_wave_6,6,elf_oracle,3,12,center,,,,,,,,
stage_5,4,Abyssal Realm,1C_5,battle,1,battle_abyss_t1,81,1,1C_5_wave_1,1,abyss_feral_imp,3,0,north,,,,,,,,
stage_5,4,Abyssal Realm,1C_5,battle,1,battle_abyss_t1,81,1,1C_5_wave_1,1,abyss_abyssal_firespitter,2,5,center,,,,,,,,
stage_5,4,Abyssal Realm,1C_5,battle,1,battle_abyss_t1,81,1,1C_5_wave_2,2,abyss_abyssal_imp,3,0,north,,,,,,,,
stage_5,4,Abyssal Realm,1C_5,battle,1,battle_abyss_t1,81,1,1C_5_wave_2,2,abyss_crimson_acolyte,1,5,center,,,,,,,,
stage_5,4,Abyssal Realm,1C_5,battle,1,battle_abyss_t1,81,1,1C_5_wave_3,3,abyss_blood_siren,1,0,north,,,,,,,,
stage_5,4,Abyssal Realm,1C_5,battle,1,battle_abyss_t1,81,1,1C_5_wave_3,3,abyss_abyssal_firespitter,2,5,center,,,,,,,,
stage_5,4,Abyssal Realm,1C_5,battle,1,battle_abyss_t1,81,1,1C_5_wave_3,3,abyss_crimson_acolyte,1,8,center,,,,,,,,
stage_5,4,Abyssal Realm,2B_5,battle,1,battle_abyss_t2,83,2,2B_5_wave_1,1,abyss_demon_brute,1,0,north,,,,,,,,
stage_5,4,Abyssal Realm,2B_5,battle,1,battle_abyss_t2,83,2,2B_5_wave_1,1,abyss_cult_magister,1,5,center,,,,,,,,
stage_5,4,Abyssal Realm,2B_5,battle,1,battle_abyss_t2,83,2,2B_5_wave_1,1,abyss_crimson_acolyte,1,8,center,,,,,,,,
stage_5,4,Abyssal Realm,2B_5,battle,1,battle_abyss_t2,83,2,2B_5_wave_2,2,abyss_ballista_fiend,1,0,north,,,,,,,,
stage_5,4,Abyssal Realm,2B_5,battle,1,battle_abyss_t2,83,2,2B_5_wave_2,2,abyss_blood_siren,2,4,center,,,,,,,,
stage_5,4,Abyssal Realm,2B_5,battle,1,battle_abyss_t2,83,2,2B_5_wave_2,2,abyss_veiled_enchantress,1,8,south,,,,,,,,
stage_5,4,Abyssal Realm,2B_5,battle,1,battle_abyss_t2,83,2,2B_5_wave_3,3,abyss_hellcannon_behemoth,1,0,north,,,,,,,,
stage_5,4,Abyssal Realm,2B_5,battle,1,battle_abyss_t2,83,2,2B_5_wave_3,3,abyss_demon_brute,1,4,center,,,,,,,,
stage_5,4,Abyssal Realm,2B_5,battle,1,battle_abyss_t2,83,2,2B_5_wave_3,3,abyss_oracle_abyss,1,8,south,,,,,,,,
stage_5,4,Abyssal Realm,3C_5,elite,1,elite_abyss_t2,87,2,3C_5_wave_1,1,abyss_demon_brute,2,0,north,,,,,,,,
stage_5,4,Abyssal Realm,3C_5,elite,1,elite_abyss_t2,87,2,3C_5_wave_1,1,abyss_cult_magister,2,4,center,,,,,,,,
stage_5,4,Abyssal Realm,3C_5,elite,1,elite_abyss_t2,87,2,3C_5_wave_1,1,abyss_crimson_acolyte,2,8,south,,,,,,,,
stage_5,4,Abyssal Realm,3C_5,elite,1,elite_abyss_t2,87,2,3C_5_wave_2,2,abyss_ballista_fiend,1,0,north,,,,,,,,
stage_5,4,Abyssal Realm,3C_5,elite,1,elite_abyss_t2,87,2,3C_5_wave_2,2,abyss_blood_siren,2,4,center,,,,,,,,
stage_5,4,Abyssal Realm,3C_5,elite,1,elite_abyss_t2,87,2,3C_5_wave_2,2,abyss_veiled_enchantress,1,8,south,,,,,,,,
stage_5,4,Abyssal Realm,3C_5,elite,1,elite_abyss_t2,87,2,3C_5_wave_3,3,abyss_gorefiend_crusher,1,0,north,,,,,,,,
stage_5,4,Abyssal Realm,3C_5,elite,1,elite_abyss_t2,87,2,3C_5_wave_3,3,abyss_hellcannon_behemoth,1,4,center,,,,,,,,
stage_5,4,Abyssal Realm,3C_5,elite,1,elite_abyss_t2,87,2,3C_5_wave_3,3,abyss_oracle_abyss,1,8,south,,,,,,,,
stage_5,4,Abyssal Realm,3C_5,elite,1,elite_abyss_t2,87,2,3C_5_wave_4,4,abyss_demon_brute,2,0,north,,,,,,,,
stage_5,4,Abyssal Realm,3C_5,elite,1,elite_abyss_t2,87,2,3C_5_wave_4,4,abyss_succubus_temptress,1,4,center,,,,,,,,
stage_5,4,Abyssal Realm,3C_5,elite,1,elite_abyss_t2,87,2,3C_5_wave_4,4,abyss_sacrifice_master,1,8,south,,,,,,,,
stage_5,4,Abyssal Realm,3C_5,elite,1,elite_abyss_t2,87,2,3C_5_wave_5,5,abyss_gorefiend_crusher,1,0,north,,,,,,,,
stage_5,4,Abyssal Realm,3C_5,elite,1,elite_abyss_t2,87,2,3C_5_wave_5,5,abyss_ballista_fiend,2,4,center,,,,,,,,
stage_5,4,Abyssal Realm,3C_5,elite,1,elite_abyss_t2,87,2,3C_5_wave_5,5,abyss_veiled_enchantress,1,8,south,,,,,,,,
stage_5,4,Abyssal Realm,4E_5,battle,2,battle_abyss_t2,87,3,4E_5_wave_1,1,abyss_demon_brute,1,0,north,,,,,,,,
stage_5,4,Abyssal Realm,4E_5,battle,2,battle_abyss_t2,87,3,4E_5_wave_1,1,abyss_cult_magister,1,5,center,,,,,,,,
stage_5,4,Abyssal Realm,4E_5,battle,2,battle_abyss_t2,87,3,4E_5_wave_1,1,abyss_crimson_acolyte,1,8,center,,,,,,,,
stage_5,4,Abyssal Realm,4E_5,battle,2,battle_abyss_t2,87,3,4E_5_wave_2,2,abyss_ballista_fiend,1,0,north,,,,,,,,
stage_5,4,Abyssal Realm,4E_5,battle,2,battle_abyss_t2,87,3,4E_5_wave_2,2,abyss_blood_siren,2,4,center,,,,,,,,
stage_5,4,Abyssal Realm,4E_5,battle,2,battle_abyss_t2,87,3,4E_5_wave_2,2,abyss_veiled_enchantress,1,8,south,,,,,,,,
stage_5,4,Abyssal Realm,4E_5,battle,2,battle_abyss_t2,87,3,4E_5_wave_3,3,abyss_hellcannon_behemoth,1,0,north,,,,,,,,
stage_5,4,Abyssal Realm,4E_5,battle,2,battle_abyss_t2,87,3,4E_5_wave_3,3,abyss_demon_brute,1,4,center,,,,,,,,
stage_5,4,Abyssal Realm,4E_5,battle,2,battle_abyss_t2,87,3,4E_5_wave_3,3,abyss_oracle_abyss,1,8,south,,,,,,,,
stage_5,4,Abyssal Realm,5D_5,elite,2,elite_abyss_t2,91,3,5D_5_wave_1,1,abyss_demon_brute,2,0,north,,,,,,,,
stage_5,4,Abyssal Realm,5D_5,elite,2,elite_abyss_t2,91,3,5D_5_wave_1,1,abyss_cult_magister,2,4,center,,,,,,,,
stage_5,4,Abyssal Realm,5D_5,elite,2,elite_abyss_t2,91,3,5D_5_wave_1,1,abyss_crimson_acolyte,2,8,south,,,,,,,,
stage_5,4,Abyssal Realm,5D_5,elite,2,elite_abyss_t2,91,3,5D_5_wave_2,2,abyss_ballista_fiend,1,0,north,,,,,,,,
stage_5,4,Abyssal Realm,5D_5,elite,2,elite_abyss_t2,91,3,5D_5_wave_2,2,abyss_blood_siren,2,4,center,,,,,,,,
stage_5,4,Abyssal Realm,5D_5,elite,2,elite_abyss_t2,91,3,5D_5_wave_2,2,abyss_veiled_enchantress,1,8,south,,,,,,,,
stage_5,4,Abyssal Realm,5D_5,elite,2,elite_abyss_t2,91,3,5D_5_wave_3,3,abyss_gorefiend_crusher,1,0,north,,,,,,,,
stage_5,4,Abyssal Realm,5D_5,elite,2,elite_abyss_t2,91,3,5D_5_wave_3,3,abyss_hellcannon_behemoth,1,4,center,,,,,,,,
stage_5,4,Abyssal Realm,5D_5,elite,2,elite_abyss_t2,91,3,5D_5_wave_3,3,abyss_oracle_abyss,1,8,south,,,,,,,,
stage_5,4,Abyssal Realm,5D_5,elite,2,elite_abyss_t2,91,3,5D_5_wave_4,4,abyss_demon_brute,2,0,north,,,,,,,,
stage_5,4,Abyssal Realm,5D_5,elite,2,elite_abyss_t2,91,3,5D_5_wave_4,4,abyss_succubus_temptress,1,4,center,,,,,,,,
stage_5,4,Abyssal Realm,5D_5,elite,2,elite_abyss_t2,91,3,5D_5_wave_4,4,abyss_sacrifice_master,1,8,south,,,,,,,,
stage_5,4,Abyssal Realm,5D_5,elite,2,elite_abyss_t2,91,3,5D_5_wave_5,5,abyss_gorefiend_crusher,1,0,north,,,,,,,,
stage_5,4,Abyssal Realm,5D_5,elite,2,elite_abyss_t2,91,3,5D_5_wave_5,5,abyss_ballista_fiend,2,4,center,,,,,,,,
stage_5,4,Abyssal Realm,5D_5,elite,2,elite_abyss_t2,91,3,5D_5_wave_5,5,abyss_veiled_enchantress,1,8,south,,,,,,,,
stage_5,4,Abyssal Realm,5B_5,battle,2,battle_abyss_t1,89,3,5B_5_wave_1,1,abyss_feral_imp,3,0,north,,,,,,,,
stage_5,4,Abyssal Realm,5B_5,battle,2,battle_abyss_t1,89,3,5B_5_wave_1,1,abyss_abyssal_firespitter,2,5,center,,,,,,,,
stage_5,4,Abyssal Realm,5B_5,battle,2,battle_abyss_t1,89,3,5B_5_wave_2,2,abyss_abyssal_imp,3,0,north,,,,,,,,
stage_5,4,Abyssal Realm,5B_5,battle,2,battle_abyss_t1,89,3,5B_5_wave_2,2,abyss_crimson_acolyte,1,5,center,,,,,,,,
stage_5,4,Abyssal Realm,5B_5,battle,2,battle_abyss_t1,89,3,5B_5_wave_3,3,abyss_blood_siren,1,0,north,,,,,,,,
stage_5,4,Abyssal Realm,5B_5,battle,2,battle_abyss_t1,89,3,5B_5_wave_3,3,abyss_abyssal_firespitter,2,5,center,,,,,,,,
stage_5,4,Abyssal Realm,5B_5,battle,2,battle_abyss_t1,89,3,5B_5_wave_3,3,abyss_crimson_acolyte,1,8,center,,,,,,,,
stage_5,4,Abyssal Realm,6A_5,battle,2,battle_abyss_t2,91,3,6A_5_wave_1,1,abyss_demon_brute,1,0,north,,,,,,,,
stage_5,4,Abyssal Realm,6A_5,battle,2,battle_abyss_t2,91,3,6A_5_wave_1,1,abyss_cult_magister,1,5,center,,,,,,,,
stage_5,4,Abyssal Realm,6A_5,battle,2,battle_abyss_t2,91,3,6A_5_wave_1,1,abyss_crimson_acolyte,1,8,center,,,,,,,,
stage_5,4,Abyssal Realm,6A_5,battle,2,battle_abyss_t2,91,3,6A_5_wave_2,2,abyss_ballista_fiend,1,0,north,,,,,,,,
stage_5,4,Abyssal Realm,6A_5,battle,2,battle_abyss_t2,91,3,6A_5_wave_2,2,abyss_blood_siren,2,4,center,,,,,,,,
stage_5,4,Abyssal Realm,6A_5,battle,2,battle_abyss_t2,91,3,6A_5_wave_2,2,abyss_veiled_enchantress,1,8,south,,,,,,,,
stage_5,4,Abyssal Realm,6A_5,battle,2,battle_abyss_t2,91,3,6A_5_wave_3,3,abyss_hellcannon_behemoth,1,0,north,,,,,,,,
stage_5,4,Abyssal Realm,6A_5,battle,2,battle_abyss_t2,91,3,6A_5_wave_3,3,abyss_demon_brute,1,4,center,,,,,,,,
stage_5,4,Abyssal Realm,6A_5,battle,2,battle_abyss_t2,91,3,6A_5_wave_3,3,abyss_oracle_abyss,1,8,south,,,,,,,,
stage_5,4,Abyssal Realm,7B_5,elite,3,elite_abyss_t3,94,3,7B_5_wave_1,1,abyss_gorefiend_crusher,1,0,north,,,,,,,,
stage_5,4,Abyssal Realm,7B_5,elite,3,elite_abyss_t3,94,3,7B_5_wave_1,1,abyss_cult_magister,2,4,center,,,,,,,,
stage_5,4,Abyssal Realm,7B_5,elite,3,elite_abyss_t3,94,3,7B_5_wave_1,1,abyss_oracle_abyss,1,8,south,,,,,,,,
stage_5,4,Abyssal Realm,7B_5,elite,3,elite_abyss_t3,94,3,7B_5_wave_2,2,abyss_archdemon,1,0,north,,,,,,,,
stage_5,4,Abyssal Realm,7B_5,elite,3,elite_abyss_t3,94,3,7B_5_wave_2,2,abyss_hellcannon_behemoth,1,4,center,,,,,,,,
stage_5,4,Abyssal Realm,7B_5,elite,3,elite_abyss_t3,94,3,7B_5_wave_2,2,abyss_succubus_temptress,1,8,south,,,,,,,,
stage_5,4,Abyssal Realm,7B_5,elite,3,elite_abyss_t3,94,3,7B_5_wave_3,3,abyss_gorefiend_crusher,1,0,north,,,,,,,,
stage_5,4,Abyssal Realm,7B_5,elite,3,elite_abyss_t3,94,3,7B_5_wave_3,3,abyss_ballista_fiend,2,4,center,,,,,,,,
stage_5,4,Abyssal Realm,7B_5,elite,3,elite_abyss_t3,94,3,7B_5_wave_3,3,abyss_abyssal_prophet,1,8,south,,,,,,,,
stage_5,4,Abyssal Realm,7B_5,elite,3,elite_abyss_t3,94,3,7B_5_wave_4,4,abyss_archdemon,1,0,north,,,,,,,,
stage_5,4,Abyssal Realm,7B_5,elite,3,elite_abyss_t3,94,3,7B_5_wave_4,4,abyss_blood_siren,2,4,center,,,,,,,,
stage_5,4,Abyssal Realm,7B_5,elite,3,elite_abyss_t3,94,3,7B_5_wave_4,4,abyss_sacrifice_master,1,8,south,,,,,,,,
stage_5,4,Abyssal Realm,7B_5,elite,3,elite_abyss_t3,94,3,7B_5_wave_5,5,abyss_gorefiend_crusher,1,0,north,,,,,,,,
stage_5,4,Abyssal Realm,7B_5,elite,3,elite_abyss_t3,94,3,7B_5_wave_5,5,abyss_hellcannon_behemoth,1,4,center,,,,,,,,
stage_5,4,Abyssal Realm,7B_5,elite,3,elite_abyss_t3,94,3,7B_5_wave_5,5,abyss_veiled_enchantress,2,8,south,,,,,,,,
stage_5,4,Abyssal Realm,8C_5,battle,3,battle_abyss_t3,94,3,8C_5_wave_1,1,abyss_gorefiend_crusher,1,0,north,,,,,,,,
stage_5,4,Abyssal Realm,8C_5,battle,3,battle_abyss_t3,94,3,8C_5_wave_1,1,abyss_ballista_fiend,2,4,center,,,,,,,,
stage_5,4,Abyssal Realm,8C_5,battle,3,battle_abyss_t3,94,3,8C_5_wave_1,1,abyss_oracle_abyss,1,8,south,,,,,,,,
stage_5,4,Abyssal Realm,8C_5,battle,3,battle_abyss_t3,94,3,8C_5_wave_2,2,abyss_hellcannon_behemoth,1,0,north,,,,,,,,
stage_5,4,Abyssal Realm,8C_5,battle,3,battle_abyss_t3,94,3,8C_5_wave_2,2,abyss_blood_siren,2,4,center,,,,,,,,
stage_5,4,Abyssal Realm,8C_5,battle,3,battle_abyss_t3,94,3,8C_5_wave_2,2,abyss_veiled_enchantress,1,8,south,,,,,,,,
stage_5,4,Abyssal Realm,8C_5,battle,3,battle_abyss_t3,94,3,8C_5_wave_3,3,abyss_archdemon,1,0,north,,,,,,,,
stage_5,4,Abyssal Realm,8C_5,battle,3,battle_abyss_t3,94,3,8C_5_wave_3,3,abyss_cult_magister,2,4,center,,,,,,,,
stage_5,4,Abyssal Realm,8C_5,battle,3,battle_abyss_t3,94,3,8C_5_wave_3,3,abyss_sacrifice_master,1,8,south,,,,,,,,
stage_5,4,Abyssal Realm,10C_5,battle,3,battle_abyss_t3,96,3,10C_5_wave_1,1,abyss_gorefiend_crusher,1,0,north,,,,,,,,
stage_5,4,Abyssal Realm,10C_5,battle,3,battle_abyss_t3,96,3,10C_5_wave_1,1,abyss_ballista_fiend,2,4,center,,,,,,,,
stage_5,4,Abyssal Realm,10C_5,battle,3,battle_abyss_t3,96,3,10C_5_wave_1,1,abyss_oracle_abyss,1,8,south,,,,,,,,
stage_5,4,Abyssal Realm,10C_5,battle,3,battle_abyss_t3,96,3,10C_5_wave_2,2,abyss_hellcannon_behemoth,1,0,north,,,,,,,,
stage_5,4,Abyssal Realm,10C_5,battle,3,battle_abyss_t3,96,3,10C_5_wave_2,2,abyss_blood_siren,2,4,center,,,,,,,,
stage_5,4,Abyssal Realm,10C_5,battle,3,battle_abyss_t3,96,3,10C_5_wave_2,2,abyss_veiled_enchantress,1,8,south,,,,,,,,
stage_5,4,Abyssal Realm,10C_5,battle,3,battle_abyss_t3,96,3,10C_5_wave_3,3,abyss_archdemon,1,0,north,,,,,,,,
stage_5,4,Abyssal Realm,10C_5,battle,3,battle_abyss_t3,96,3,10C_5_wave_3,3,abyss_cult_magister,2,4,center,,,,,,,,
stage_5,4,Abyssal Realm,10C_5,battle,3,battle_abyss_t3,96,3,10C_5_wave_3,3,abyss_sacrifice_master,1,8,south,,,,,,,,
stage_5,4,Abyssal Realm,12C_5,battle,3,battle_abyss_t3,98,3,12C_5_wave_1,1,abyss_gorefiend_crusher,1,0,north,,,,,,,,
stage_5,4,Abyssal Realm,12C_5,battle,3,battle_abyss_t3,98,3,12C_5_wave_1,1,abyss_ballista_fiend,2,4,center,,,,,,,,
stage_5,4,Abyssal Realm,12C_5,battle,3,battle_abyss_t3,98,3,12C_5_wave_1,1,abyss_oracle_abyss,1,8,south,,,,,,,,
stage_5,4,Abyssal Realm,12C_5,battle,3,battle_abyss_t3,98,3,12C_5_wave_2,2,abyss_hellcannon_behemoth,1,0,north,,,,,,,,
stage_5,4,Abyssal Realm,12C_5,battle,3,battle_abyss_t3,98,3,12C_5_wave_2,2,abyss_blood_siren,2,4,center,,,,,,,,
stage_5,4,Abyssal Realm,12C_5,battle,3,battle_abyss_t3,98,3,12C_5_wave_2,2,abyss_veiled_enchantress,1,8,south,,,,,,,,
stage_5,4,Abyssal Realm,12C_5,battle,3,battle_abyss_t3,98,3,12C_5_wave_3,3,abyss_archdemon,1,0,north,,,,,,,,
stage_5,4,Abyssal Realm,12C_5,battle,3,battle_abyss_t3,98,3,12C_5_wave_3,3,abyss_cult_magister,2,4,center,,,,,,,,
stage_5,4,Abyssal Realm,12C_5,battle,3,battle_abyss_t3,98,3,12C_5_wave_3,3,abyss_sacrifice_master,1,8,south,,,,,,,,
stage_5,4,Abyssal Realm,13B_5,elite,3,elite_abyss_t3,100,3,13B_5_wave_1,1,abyss_gorefiend_crusher,1,0,north,,,,,,,,
stage_5,4,Abyssal Realm,13B_5,elite,3,elite_abyss_t3,100,3,13B_5_wave_1,1,abyss_cult_magister,2,4,center,,,,,,,,
stage_5,4,Abyssal Realm,13B_5,elite,3,elite_abyss_t3,100,3,13B_5_wave_1,1,abyss_oracle_abyss,1,8,south,,,,,,,,
stage_5,4,Abyssal Realm,13B_5,elite,3,elite_abyss_t3,100,3,13B_5_wave_2,2,abyss_archdemon,1,0,north,,,,,,,,
stage_5,4,Abyssal Realm,13B_5,elite,3,elite_abyss_t3,100,3,13B_5_wave_2,2,abyss_hellcannon_behemoth,1,4,center,,,,,,,,
stage_5,4,Abyssal Realm,13B_5,elite,3,elite_abyss_t3,100,3,13B_5_wave_2,2,abyss_succubus_temptress,1,8,south,,,,,,,,
stage_5,4,Abyssal Realm,13B_5,elite,3,elite_abyss_t3,100,3,13B_5_wave_3,3,abyss_gorefiend_crusher,1,0,north,,,,,,,,
stage_5,4,Abyssal Realm,13B_5,elite,3,elite_abyss_t3,100,3,13B_5_wave_3,3,abyss_ballista_fiend,2,4,center,,,,,,,,
stage_5,4,Abyssal Realm,13B_5,elite,3,elite_abyss_t3,100,3,13B_5_wave_3,3,abyss_abyssal_prophet,1,8,south,,,,,,,,
stage_5,4,Abyssal Realm,13B_5,elite,3,elite_abyss_t3,100,3,13B_5_wave_4,4,abyss_archdemon,1,0,north,,,,,,,,
stage_5,4,Abyssal Realm,13B_5,elite,3,elite_abyss_t3,100,3,13B_5_wave_4,4,abyss_blood_siren,2,4,center,,,,,,,,
stage_5,4,Abyssal Realm,13B_5,elite,3,elite_abyss_t3,100,3,13B_5_wave_4,4,abyss_sacrifice_master,1,8,south,,,,,,,,
stage_5,4,Abyssal Realm,13B_5,elite,3,elite_abyss_t3,100,3,13B_5_wave_5,5,abyss_gorefiend_crusher,1,0,north,,,,,,,,
stage_5,4,Abyssal Realm,13B_5,elite,3,elite_abyss_t3,100,3,13B_5_wave_5,5,abyss_hellcannon_behemoth,1,4,center,,,,,,,,
stage_5,4,Abyssal Realm,13B_5,elite,3,elite_abyss_t3,100,3,13B_5_wave_5,5,abyss_veiled_enchantress,2,8,south,,,,,,,,
stage_5,4,Abyssal Realm,15A_5,boss,3,boss_abyss_gate,105,3,15A_5_wave_1,1,abyss_gorefiend_crusher,1,0,north,,,,,,,,
stage_5,4,Abyssal Realm,15A_5,boss,3,boss_abyss_gate,105,3,15A_5_wave_1,1,abyss_ballista_fiend,2,4,center,,,,,,,,
stage_5,4,Abyssal Realm,15A_5,boss,3,boss_abyss_gate,105,3,15A_5_wave_1,1,abyss_crimson_acolyte,2,8,south,,,,,,,,
stage_5,4,Abyssal Realm,15A_5,boss,3,boss_abyss_gate,105,3,15A_5_wave_2,2,abyss_archdemon,1,0,north,,,,,,,,
stage_5,4,Abyssal Realm,15A_5,boss,3,boss_abyss_gate,105,3,15A_5_wave_2,2,abyss_hellcannon_behemoth,1,4,center,,,,,,,,
stage_5,4,Abyssal Realm,15A_5,boss,3,boss_abyss_gate,105,3,15A_5_wave_2,2,abyss_oracle_abyss,1,8,south,,,,,,,,
stage_5,4,Abyssal Realm,15A_5,boss,3,boss_abyss_gate,105,3,15A_5_wave_3,3,abyss_gorefiend_crusher,1,0,north,,,,,,,,
stage_5,4,Abyssal Realm,15A_5,boss,3,boss_abyss_gate,105,3,15A_5_wave_3,3,abyss_cult_magister,2,4,center,,,,,,,,
stage_5,4,Abyssal Realm,15A_5,boss,3,boss_abyss_gate,105,3,15A_5_wave_3,3,abyss_succubus_temptress,1,8,south,,,,,,,,
stage_5,4,Abyssal Realm,15A_5,boss,3,boss_abyss_gate,105,3,15A_5_wave_4,4,abyss_archdemon,1,0,north,,,,,,,,
stage_5,4,Abyssal Realm,15A_5,boss,3,boss_abyss_gate,105,3,15A_5_wave_4,4,abyss_ballista_fiend,2,4,center,,,,,,,,
stage_5,4,Abyssal Realm,15A_5,boss,3,boss_abyss_gate,105,3,15A_5_wave_4,4,abyss_sacrifice_master,1,8,south,,,,,,,,
stage_5,4,Abyssal Realm,15A_5,boss,3,boss_abyss_gate,105,3,15A_5_wave_5,5,abyss_gorefiend_crusher,1,0,north,,,,,,,,
stage_5,4,Abyssal Realm,15A_5,boss,3,boss_abyss_gate,105,3,15A_5_wave_5,5,abyss_hellcannon_behemoth,2,4,center,,,,,,,,
stage_5,4,Abyssal Realm,15A_5,boss,3,boss_abyss_gate,105,3,15A_5_wave_5,5,abyss_abyssal_prophet,1,8,south,,,,,,,,
stage_5,4,Abyssal Realm,15A_5,boss,3,boss_abyss_gate,105,3,15A_5_wave_6,6,abyss_archdemon,1,0,north,,,,,,,,
stage_5,4,Abyssal Realm,15A_5,boss,3,boss_abyss_gate,105,3,15A_5_wave_6,6,abyss_gorefiend_crusher,1,4,center,,,,,,,,
stage_5,4,Abyssal Realm,15A_5,boss,3,boss_abyss_gate,105,3,15A_5_wave_6,6,abyss_ballista_fiend,2,8,south,,,,,,,,
stage_5,4,Abyssal Realm,15A_5,boss,3,boss_abyss_gate,105,3,15A_5_wave_6,6,abyss_veiled_enchantress,2,12,center,,,,,,,,
